role,offset,layer,auroc,balanced_accuracy,mean_gap,standardized_gap,threshold,steering_coefficient
system,0,0,0.0,0.5,-2.0018391609191895,-1.9042463302612305,-0.5664442181587219,2.0
system,0,1,0.0,0.5,-3.482086658477783,-1.9264618158340454,-0.3540184199810028,2.0
system,0,2,0.0,0.5,-5.357243061065674,-1.963157296180725,-0.6828231811523438,2.0
system,0,3,0.0,0.5,-6.338359832763672,-1.9533532857894897,-1.1831144094467163,2.0
system,0,4,0.001849112450145185,0.5,-4.659247875213623,-1.771369218826294,-2.0083675384521484,2.0
system,0,5,0.2041420191526413,0.5480769276618958,-2.5873818397521973,-1.0301358699798584,-2.170437812805176,2.0
system,0,6,1.0,1.0,79.05662536621094,1.9594444036483765,-39.545555114746094,2.0
system,0,7,1.0,1.0,41276.00390625,1.9997133016586304,-19332.951171875,2.0
system,0,8,1.0,1.0,41270.97265625,1.999713659286499,-19334.224609375,2.0
system,0,9,1.0,1.0,41526.09375,1.999717116355896,-19463.18359375,2.0
system,0,10,1.0,1.0,41095.578125,1.9997097253799438,-19362.28125,2.0
system,0,11,1.0,1.0,41122.97265625,1.9997106790542603,-19373.73046875,2.0
system,0,12,1.0,1.0,41120.34765625,1.9997103214263916,-19378.60546875,2.0
system,0,13,1.0,1.0,41129.28515625,1.9997105598449707,-19372.359375,2.0
system,0,14,1.0,1.0,41119.05078125,1.9997100830078125,-19375.7890625,2.0
system,0,15,1.0,1.0,41122.375,1.9997096061706543,-19367.544921875,2.0
system,0,16,1.0,1.0,41115.8515625,1.9997093677520752,-19365.611328125,2.0
system,0,17,1.0,1.0,41051.31640625,1.9997069835662842,-19397.751953125,2.0
system,0,18,0.9567307829856873,0.9711538553237915,1075.4071044921875,1.7238377332687378,-245.10328674316406,2.0
system,0,19,0.9770709872245789,0.9711538553237915,1200.5501708984375,1.8179486989974976,-281.6153869628906,2.0
system,0,20,0.978180468082428,0.942307710647583,932.3439331054688,1.754601240158081,-296.748779296875,2.0
system,0,21,0.9800295829772949,0.932692289352417,951.2471923828125,1.6363844871520996,-229.36318969726562,2.0
system,0,22,0.9685651063919067,0.932692289352417,881.365966796875,1.5816034078598022,-132.66944885253906,2.0
system,0,23,0.9526627063751221,0.9038461446762085,809.646484375,1.5148061513900757,-82.23216247558594,2.0
system,8,0,0.0,0.5,-2.0022599697113037,-1.952142357826233,-0.20419999957084656,2.0
system,8,1,0.012943786568939686,0.5,-3.7586843967437744,-1.8534109592437744,-0.3597061038017273,2.0
system,8,2,0.001109467470087111,0.5,-5.295246124267578,-1.88450026512146,-0.9523241519927979,2.0
system,8,3,0.000739644980058074,0.5,-6.618727684020996,-1.8768761157989502,-1.1067863702774048,2.0
system,8,4,0.0,0.4711538553237915,-8.680586814880371,-1.8911982774734497,-1.2686141729354858,2.0
system,8,5,0.000739644980058074,0.5,-9.934111595153809,-1.8775367736816406,-1.74420166015625,2.0
system,8,6,0.002218934940174222,0.49038460850715637,-11.050920486450195,-1.8543004989624023,-3.9476449489593506,2.0
system,8,7,0.002218934940174222,0.5,-12.176522254943848,-1.8152636289596558,-7.150014877319336,2.0
system,8,8,0.004068047273904085,0.49038460850715637,-12.185307502746582,-1.6990306377410889,-17.6514892578125,2.0
system,8,9,0.021079881116747856,0.49038460850715637,-13.63032341003418,-1.4161818027496338,-18.99860954284668,2.0
system,8,10,0.057322483509778976,0.49038460850715637,-15.314720153808594,-1.145272135734558,-28.658119201660156,2.0
system,8,11,0.07544378936290741,0.49038460850715637,-17.414291381835938,-1.0537211894989014,-37.246849060058594,2.0
system,8,12,0.07322484999895096,0.49038460850715637,-19.294687271118164,-0.9751965999603271,-46.71343231201172,2.0
system,8,13,0.11316568404436111,0.49038460850715637,-20.779521942138672,-1.030734896659851,-30.194425582885742,2.0
system,8,14,0.10502958297729492,0.49038460850715637,-21.452213287353516,-0.9463352560997009,-42.561378479003906,2.0
system,8,15,0.14423076808452606,0.49038460850715637,-18.88466453552246,-0.8918269276618958,-21.473079681396484,2.0
system,8,16,0.19045858085155487,0.49038460850715637,-21.75508689880371,-0.7439714074134827,-42.43781661987305,2.0
system,8,17,0.46449702978134155,0.49038460850715637,-10.153274536132812,-0.23422811925411224,34.089385986328125,2.0
system,8,18,0.4741124212741852,0.509615421295166,-25.5594482421875,-0.2071063071489334,-8.452804565429688,2.0
system,8,19,0.535872757434845,0.48076921701431274,-4.6613922119140625,-0.023856237530708313,-105.58688354492188,2.0
system,8,20,0.5144230723381042,0.5384615659713745,2.3857879638671875,0.00879647396504879,33.25415802001953,2.0
system,8,21,0.5247781276702881,0.4711538553237915,12.80780029296875,0.040076594799757004,-308.487548828125,2.0
system,8,22,0.5214496850967407,0.5288461446762085,3.9749298095703125,0.011100688949227333,45.338722229003906,2.0
system,8,23,0.5122041702270508,0.5,4.8567047119140625,0.01200557965785265,70.6493911743164,2.0
system,32,0,0.0,0.5,-2.0023820400238037,-1.9676202535629272,-0.16279473900794983,2.0
system,32,1,0.0,0.48076921701431274,-3.839085578918457,-1.937740683555603,-0.23717977106571198,2.0
system,32,2,0.0,0.48076921701431274,-5.3677191734313965,-1.9300870895385742,-0.7518618106842041,2.0
system,32,3,0.00850591715425253,0.5,-6.555289268493652,-1.8607555627822876,-0.6068417429924011,2.0
system,32,4,0.000739644980058074,0.49038460850715637,-8.460790634155273,-1.8595407009124756,-1.19594144821167,2.0
system,32,5,0.000369822490029037,0.49038460850715637,-9.96628475189209,-1.8838107585906982,-0.7791430950164795,2.0
system,32,6,0.000369822490029037,0.5,-11.06637191772461,-1.8755112886428833,-2.117122173309326,2.0
system,32,7,0.0,0.49038460850715637,-12.601581573486328,-1.7928836345672607,-2.732182502746582,2.0
system,32,8,0.01627218909561634,0.5,-11.929821014404297,-1.6313982009887695,-12.378984451293945,2.0
system,32,9,0.05991124361753464,0.5,-12.556539535522461,-1.4465904235839844,-42.514442443847656,2.0
system,32,10,0.07803254574537277,0.5,-13.562891006469727,-1.3372206687927246,-85.47602081298828,2.0
system,32,11,0.08949704468250275,0.5,-14.451165199279785,-1.3428006172180176,-109.50303649902344,2.0
system,32,12,0.12795858085155487,0.5,-15.541627883911133,-1.2224022150039673,-133.28968811035156,2.0
system,32,13,0.13276627659797668,0.5,-17.542070388793945,-1.2132606506347656,-105.33076477050781,2.0
system,32,14,0.1335059106349945,0.5,-19.04142189025879,-1.1811933517456055,-136.80775451660156,2.0
system,32,15,0.1708579808473587,0.5,-18.28620147705078,-1.1094797849655151,-112.86842346191406,2.0
system,32,16,0.2248520702123642,0.5,-19.878150939941406,-0.9149932265281677,-193.82794189453125,2.0
system,32,17,0.3746301829814911,0.5,-16.199378967285156,-0.43791329860687256,-223.29110717773438,2.0
system,32,18,0.4130917191505432,0.5,-26.587303161621094,-0.30264905095100403,-515.45947265625,2.0
system,32,19,0.415680468082428,0.5,-40.77061462402344,-0.2579009234905243,-319.438232421875,2.0
system,32,20,0.4201183319091797,0.5,-56.867034912109375,-0.23998308181762695,-375.3917236328125,2.0
system,32,21,0.4301035404205322,0.5096153616905212,-65.61297607421875,-0.21875834465026855,-426.6302490234375,2.0
system,32,22,0.43528106808662415,0.5,-74.45199584960938,-0.2087354063987732,-428.88128662109375,2.0
system,32,23,0.43565088510513306,0.5,-85.02093505859375,-0.21646834909915924,-424.9200439453125,2.0
system,128,0,0.0,0.5,-2.0021440982818604,-1.968479871749878,-0.22670194506645203,2.0
system,128,1,0.0,0.5,-3.86152982711792,-1.9701892137527466,-0.1593797504901886,2.0
system,128,2,0.0,0.5,-5.359899044036865,-1.949398159980774,-0.9485710859298706,2.0
system,128,3,0.0,0.49038460850715637,-6.554681301116943,-1.9362173080444336,-1.3212931156158447,2.0
system,128,4,0.0,0.5,-8.373432159423828,-1.9405320882797241,-1.8391289710998535,2.0
system,128,5,0.0,0.5,-9.74699592590332,-1.9294943809509277,-1.62227463722229,2.0
system,128,6,0.0,0.5,-10.897808074951172,-1.8840376138687134,-0.8944979310035706,2.0
system,128,7,0.027736686170101166,0.49038460850715637,-12.145950317382812,-1.7024976015090942,-4.1508307456970215,2.0
system,128,8,0.05288461595773697,0.5,-11.619861602783203,-1.5186537504196167,-7.948462009429932,2.0
system,128,9,0.08616863936185837,0.5,-12.484112739562988,-1.3571300506591797,-11.885235786437988,2.0
system,128,10,0.10576923191547394,0.49038460850715637,-13.299610137939453,-1.2834575176239014,-13.01885986328125,2.0
system,128,11,0.11316568404436111,0.49038460850715637,-14.562149047851562,-1.2734264135360718,-7.295116424560547,2.0
system,128,12,0.10983727872371674,0.49038460850715637,-15.686134338378906,-1.2427380084991455,-6.00119686126709,2.0
system,128,13,0.10687869787216187,0.5,-17.59326171875,-1.274204134941101,-10.388565063476562,2.0
system,128,14,0.10170118510723114,0.5,-18.592639923095703,-1.239485740661621,4.031599044799805,2.0
system,128,15,0.16531065106391907,0.49038460850715637,-19.189918518066406,-1.0809376239776611,-10.690919876098633,2.0
system,128,16,0.21856509149074554,0.5,-20.595897674560547,-0.8459194898605347,-39.19778060913086,2.0
system,128,17,0.3176775276660919,0.5,-17.59173583984375,-0.5048283934593201,-73.60834503173828,2.0
system,128,18,0.3801775276660919,0.48076924681663513,-31.316513061523438,-0.38147175312042236,302.28631591796875,2.0
system,128,19,0.41420117020606995,0.5,-42.44425964355469,-0.3131707012653351,-207.70892333984375,2.0
system,128,20,0.42640531063079834,0.5096153616905212,-53.09205627441406,-0.2615175247192383,-321.1418762207031,2.0
system,128,21,0.415680468082428,0.5,-69.43711853027344,-0.2826189696788788,-482.8056945800781,2.0
system,128,22,0.4130917191505432,0.5,-90.55535888671875,-0.30227506160736084,-632.3088989257812,2.0
system,128,23,0.4086538553237915,0.5,-101.25613403320312,-0.3126834034919739,-641.9610595703125,2.0
system,256,0,0.0,0.4615384638309479,-2.002411127090454,-1.9333444833755493,-0.1645849645137787,2.0
system,256,1,0.0,0.5,-3.9106297492980957,-1.9602265357971191,-0.20675812661647797,2.0
system,256,2,0.0,0.5,-5.389123916625977,-1.9523578882217407,-1.0231482982635498,2.0
system,256,3,0.0,0.5,-6.51193904876709,-1.9469393491744995,-1.2178521156311035,2.0
system,256,4,0.0,0.49038460850715637,-8.309210777282715,-1.9080166816711426,-0.7492102980613708,2.0
system,256,5,0.0,0.5,-9.728113174438477,-1.9153878688812256,-0.2901976704597473,2.0
system,256,6,0.0,0.5,-10.883712768554688,-1.8987430334091187,-0.10063062608242035,2.0
system,256,7,0.0,0.5,-12.309165954589844,-1.8537014722824097,-6.433506965637207,2.0
system,256,8,0.004807692486792803,0.5,-11.87161636352539,-1.7560153007507324,-6.792242050170898,2.0
system,256,9,0.044008877128362656,0.5,-12.586277961730957,-1.5775911808013916,-17.968734741210938,2.0
system,256,10,0.061020709574222565,0.5,-12.856828689575195,-1.5224589109420776,-35.12373352050781,2.0
system,256,11,0.06730769574642181,0.5,-14.12265396118164,-1.444801926612854,-6.065546989440918,2.0
system,256,12,0.07359467446804047,0.49038460850715637,-15.55569839477539,-1.3935086727142334,-3.4936561584472656,2.0
system,256,13,0.07174555957317352,0.49038460850715637,-16.855976104736328,-1.4018714427947998,-2.1970818042755127,2.0
system,256,14,0.0832100585103035,0.49038460850715637,-17.794727325439453,-1.336586356163025,-1.8866658210754395,2.0
system,256,15,0.1545857936143875,0.5,-18.347217559814453,-1.1179205179214478,-50.933685302734375,2.0
system,256,16,0.24778106808662415,0.5,-18.386512756347656,-0.8800105452537537,-86.87651062011719,2.0
system,256,17,0.3583579957485199,0.49038460850715637,-16.86175537109375,-0.48044878244400024,-15.735811233520508,2.0
system,256,18,0.3916420042514801,0.49038460850715637,-31.492454528808594,-0.35496050119400024,298.9463806152344,2.0
system,256,19,0.40569525957107544,0.5,-38.75758361816406,-0.31688350439071655,-91.67800903320312,2.0
system,256,20,0.4363905191421509,0.4711538553237915,-45.70811462402344,-0.24768459796905518,-80.37368774414062,2.0
system,256,21,0.42751479148864746,0.4711538553237915,-56.47639465332031,-0.269626647233963,-77.73080444335938,2.0
system,256,22,0.43897929787635803,0.48076921701431274,-66.28236389160156,-0.24209129810333252,-193.03077697753906,2.0
system,256,23,0.4367603659629822,0.49038460850715637,-75.24179077148438,-0.26346448063850403,-379.33660888671875,2.0
developer,0,0,0.0,0.5,-2.0018391609191895,-1.9042463302612305,-0.5664442181587219,2.0
developer,0,1,0.0,0.5,-3.5130467414855957,-1.9350123405456543,-0.30857017636299133,2.0
developer,0,2,0.0,0.5,-5.448485851287842,-1.9642784595489502,-0.7119878530502319,2.0
developer,0,3,0.0,0.5,-6.136061191558838,-1.9557019472122192,-0.6240886449813843,2.0
developer,0,4,0.000369822490029037,0.5,-4.55770206451416,-1.7717787027359009,-1.8667385578155518,2.0
developer,0,5,0.23520709574222565,0.5865384340286255,-2.05991530418396,-0.8631220459938049,-0.08866335451602936,2.0
developer,0,6,1.0,1.0,82.96854400634766,1.9669499397277832,-33.063804626464844,2.0
developer,0,7,1.0,1.0,41277.3515625,1.9997135400772095,-19329.98046875,2.0
developer,0,8,1.0,1.0,41271.1015625,1.999713659286499,-19332.251953125,2.0
developer,0,9,1.0,1.0,41526.6328125,1.9997172355651855,-19461.56640625,2.0
developer,0,10,1.0,1.0,41099.81640625,1.999709963798523,-19357.98828125,2.0
developer,0,11,1.0,1.0,41129.12890625,1.9997107982635498,-19369.98828125,2.0
developer,0,12,1.0,1.0,41131.34375,1.9997107982635498,-19373.84765625,2.0
developer,0,13,1.0,1.0,41133.640625,1.9997107982635498,-19371.0546875,2.0
developer,0,14,1.0,1.0,41127.19140625,1.9997105598449707,-19369.357421875,2.0
developer,0,15,1.0,1.0,41125.32421875,1.9997097253799438,-19363.0390625,2.0
developer,0,16,1.0,1.0,41120.5390625,1.9997097253799438,-19358.8125,2.0
developer,0,17,1.0,1.0,41078.9921875,1.999708652496338,-19371.201171875,2.0
developer,0,18,0.9596893787384033,0.9711538553237915,1112.84423828125,1.7400615215301514,-207.23809814453125,2.0
developer,0,19,0.985946774482727,0.9711538553237915,1239.432861328125,1.8280378580093384,-181.71810913085938,2.0
developer,0,20,0.9852070808410645,0.9615384340286255,972.0986938476562,1.7689169645309448,-296.580322265625,2.0
developer,0,21,0.9803994297981262,0.9230769276618958,971.4223022460938,1.6420232057571411,-233.4100341796875,2.0
developer,0,22,0.9644970297813416,0.8461538553237915,878.802001953125,1.5665022134780884,-283.49273681640625,2.0
developer,0,23,0.9389792680740356,0.8269230723381042,801.2957763671875,1.4952049255371094,-274.60125732421875,2.0
developer,8,0,0.0,0.5,-2.0022599697113037,-1.952142357826233,-0.20419999957084656,2.0
developer,8,1,0.012943786568939686,0.49038460850715637,-3.7717323303222656,-1.8548020124435425,-0.34249168634414673,2.0
developer,8,2,0.001109467470087111,0.5,-5.309195518493652,-1.8846224546432495,-1.0244497060775757,2.0
developer,8,3,0.000739644980058074,0.5,-6.592599868774414,-1.8738727569580078,-1.0001026391983032,2.0
developer,8,4,0.0,0.4711538553237915,-8.75134563446045,-1.8905671834945679,-1.3017792701721191,2.0
developer,8,5,0.000739644980058074,0.5,-9.964897155761719,-1.8787610530853271,-1.5769739151000977,2.0
developer,8,6,0.002218934940174222,0.49038460850715637,-10.882962226867676,-1.8470535278320312,-2.7522494792938232,2.0
developer,8,7,0.001109467470087111,0.49038460850715637,-12.064969062805176,-1.81254243850708,-4.458495140075684,2.0
developer,8,8,0.004437869880348444,0.49038460850715637,-11.767269134521484,-1.6813682317733765,-13.057907104492188,2.0
developer,8,9,0.01960059255361557,0.49038460850715637,-13.285840034484863,-1.5108513832092285,-17.017494201660156,2.0
developer,8,10,0.05917159840464592,0.49038460850715637,-14.338532447814941,-1.1905525922775269,-20.294063568115234,2.0
developer,8,11,0.08210059255361557,0.49038460850715637,-16.551143646240234,-0.9753495454788208,-21.52906036376953,2.0
developer,8,12,0.08210059255361557,0.49038460850715637,-18.340290069580078,-0.9178943634033203,-27.568145751953125,2.0
developer,8,13,0.12980769574642181,0.49038460850715637,-19.023632049560547,-0.936706006526947,-17.27968978881836,2.0
developer,8,14,0.13461539149284363,0.49038460850715637,-18.73945426940918,-0.826029360294342,-19.293670654296875,2.0
developer,8,15,0.16568046808242798,0.49038460850715637,-16.108768463134766,-0.7511254549026489,-7.365561485290527,2.0
developer,8,16,0.1997041404247284,0.49038460850715637,-20.840620040893555,-0.6924858689308167,-17.52465057373047,2.0
developer,8,17,0.4785502851009369,0.49038460850715637,-8.712154388427734,-0.19905419647693634,34.16926574707031,2.0
developer,8,18,0.47707101702690125,0.509615421295166,-21.18646240234375,-0.1755177527666092,11.339339256286621,2.0
developer,8,19,0.5295857787132263,0.5288461446762085,-1.364013671875,-0.00704142777249217,124.37997436523438,2.0
developer,8,20,0.5151627063751221,0.5384615659713745,2.60211181640625,0.009751767851412296,33.51349639892578,2.0
developer,8,21,0.5225591659545898,0.5288461446762085,12.23223876953125,0.038709674030542374,117.0576171875,2.0
developer,8,22,0.5070266127586365,0.49038460850715637,0.7522430419921875,0.002124361926689744,152.2720947265625,2.0
developer,8,23,0.5014792680740356,0.49038460850715637,-7.3422393798828125,-0.018275778740644455,-531.772216796875,2.0
developer,32,0,0.0,0.5,-2.0023820400238037,-1.9676202535629272,-0.16279473900794983,2.0
developer,32,1,0.0,0.48076921701431274,-3.8465046882629395,-1.9377309083938599,-0.24069398641586304,2.0
developer,32,2,0.0,0.48076921701431274,-5.363042831420898,-1.9291739463806152,-0.7693976163864136,2.0
developer,32,3,0.00813609454780817,0.5,-6.524116516113281,-1.8602591753005981,-0.6200096607208252,2.0
developer,32,4,0.000739644980058074,0.49038460850715637,-8.440716743469238,-1.8590590953826904,-1.1935375928878784,2.0
developer,32,5,0.000369822490029037,0.49038460850715637,-9.990263938903809,-1.8842566013336182,-0.9099512100219727,2.0
developer,32,6,0.000369822490029037,0.5,-11.034367561340332,-1.8761024475097656,-1.4793903827667236,2.0
developer,32,7,0.0,0.49038460850715637,-12.45672607421875,-1.7790440320968628,-3.8058273792266846,2.0
developer,32,8,0.018121302127838135,0.49038460850715637,-11.692045211791992,-1.6262840032577515,-12.115398406982422,2.0
developer,32,9,0.06028106436133385,0.5,-12.410287857055664,-1.440685510635376,-40.318519592285156,2.0
developer,32,10,0.08025147765874863,0.5,-13.330277442932129,-1.3336238861083984,-81.22627258300781,2.0
developer,32,11,0.09208580106496811,0.5,-14.122740745544434,-1.3302644491195679,-127.24738311767578,2.0
developer,32,12,0.13165681064128876,0.5,-14.945953369140625,-1.2090613842010498,-161.73048400878906,2.0
developer,32,13,0.14016272127628326,0.5,-16.988510131835938,-1.1986497640609741,-136.75030517578125,2.0
developer,32,14,0.14349111914634705,0.5,-18.096027374267578,-1.1602709293365479,-169.4293212890625,2.0
developer,32,15,0.17788460850715637,0.5,-17.634525299072266,-1.0669810771942139,-148.35292053222656,2.0
developer,32,16,0.22300295531749725,0.5,-21.10177993774414,-0.9210225939750671,-235.1228485107422,2.0
developer,32,17,0.3838757276535034,0.5,-16.820091247558594,-0.42813172936439514,-267.9293518066406,2.0
developer,32,18,0.4134615361690521,0.5,-22.957305908203125,-0.2654708921909332,-606.4446411132812,2.0
developer,32,19,0.417159765958786,0.5,-41.04161071777344,-0.2617833912372589,-401.2086486816406,2.0
developer,32,20,0.40643492341041565,0.5,-66.23149108886719,-0.28767338395118713,-376.7861022949219,2.0
developer,32,21,0.4256656765937805,0.5096153616905212,-73.49177551269531,-0.25200140476226807,-352.45013427734375,2.0
developer,32,22,0.42677515745162964,0.5096153616905212,-81.72885131835938,-0.2365102618932724,-408.96588134765625,2.0
developer,32,23,0.4245562255382538,0.5096153616905212,-98.1397705078125,-0.25678619742393494,-468.9127197265625,2.0
developer,128,0,0.0,0.5,-2.0021440982818604,-1.968479871749878,-0.22670194506645203,2.0
developer,128,1,0.0,0.5,-3.86152982711792,-1.9701892137527466,-0.1593797504901886,2.0
developer,128,2,0.0,0.5,-5.364109992980957,-1.9493625164031982,-0.9585361480712891,2.0
developer,128,3,0.0,0.49038460850715637,-6.5603508949279785,-1.9364027976989746,-1.3008992671966553,2.0
developer,128,4,0.0,0.5,-8.367571830749512,-1.9407517910003662,-1.8770394325256348,2.0
developer,128,5,0.0,0.5,-9.745083808898926,-1.9303003549575806,-1.6639060974121094,2.0
developer,128,6,0.0,0.5,-10.867856979370117,-1.8849350214004517,-1.5561106204986572,2.0
developer,128,7,0.02958579920232296,0.49038460850715637,-11.937098503112793,-1.7000912427902222,-4.517502307891846,2.0
developer,128,8,0.053994081914424896,0.49038460850715637,-11.474701881408691,-1.5136351585388184,-7.432293891906738,2.0
developer,128,9,0.08468934893608093,0.5,-12.41270923614502,-1.3634315729141235,-13.939163208007812,2.0
developer,128,10,0.1083579882979393,0.49038460850715637,-13.11177921295166,-1.2836159467697144,-13.680644989013672,2.0
developer,128,11,0.11464496701955795,0.49038460850715637,-14.091665267944336,-1.2546521425247192,-7.9846391677856445,2.0
developer,128,12,0.10983727872371674,0.49038460850715637,-15.437408447265625,-1.2292109727859497,-11.992219924926758,2.0
developer,128,13,0.10946745425462723,0.5,-17.02005386352539,-1.2628769874572754,-11.2289457321167,2.0
developer,128,14,0.103920117020607,0.5,-17.765594482421875,-1.2205032110214233,-19.482696533203125,2.0
developer,128,15,0.1704881638288498,0.5,-18.745418548583984,-1.0673589706420898,-17.46949577331543,2.0
developer,128,16,0.22263313829898834,0.5,-19.93421173095703,-0.845016360282898,-46.16444396972656,2.0
developer,128,17,0.33173078298568726,0.5,-19.772247314453125,-0.5303614139556885,-78.26564025878906,2.0
developer,128,18,0.3616863787174225,0.48076924681663513,-37.501564025878906,-0.45376381278038025,284.6616516113281,2.0
developer,128,19,0.38609468936920166,0.5,-54.29441833496094,-0.3968757688999176,-210.9664764404297,2.0
developer,128,20,0.4038461446762085,0.5,-71.99543762207031,-0.35225480794906616,-474.543701171875,2.0
developer,128,21,0.39755916595458984,0.5,-86.32194519042969,-0.3478734493255615,-253.94528198242188,2.0
developer,128,22,0.3909023702144623,0.49038460850715637,-109.82615661621094,-0.365617573261261,1034.953857421875,2.0
developer,128,23,0.39053255319595337,0.5,-124.6124267578125,-0.3851856589317322,-378.24798583984375,2.0
developer,256,0,0.0,0.4615384638309479,-2.002411127090454,-1.9333444833755493,-0.1645849645137787,2.0
developer,256,1,0.0,0.5,-3.9106297492980957,-1.9602265357971191,-0.20675812661647797,2.0
developer,256,2,0.0,0.5,-5.390944480895996,-1.9523603916168213,-1.0289466381072998,2.0
developer,256,3,0.0,0.5,-6.511003017425537,-1.9469181299209595,-1.214186668395996,2.0
developer,256,4,0.0,0.49038460850715637,-8.325077056884766,-1.9093191623687744,-0.7491610050201416,2.0
developer,256,5,0.0,0.5,-9.729612350463867,-1.9152967929840088,-0.3049626648426056,2.0
developer,256,6,0.0,0.5,-10.869787216186523,-1.8987443447113037,-0.06560211628675461,2.0
developer,256,7,0.0,0.5,-12.251947402954102,-1.8529654741287231,-6.638879299163818,2.0
developer,256,8,0.004807692486792803,0.5,-11.821908950805664,-1.7525520324707031,-6.717190265655518,2.0
developer,256,9,0.0458579882979393,0.5,-12.506890296936035,-1.5711275339126587,-18.37098503112793,2.0
developer,256,10,0.06139053404331207,0.5,-12.974675178527832,-1.5124058723449707,-35.085777282714844,2.0
developer,256,11,0.06841716170310974,0.5,-14.094596862792969,-1.44703209400177,-38.551517486572266,2.0
developer,256,12,0.07544378936290741,0.5,-15.67625617980957,-1.4046132564544678,-47.186466217041016,2.0
developer,256,13,0.07433431595563889,0.5,-17.019393920898438,-1.4038519859313965,-37.72189712524414,2.0
developer,256,14,0.08431952446699142,0.49038460850715637,-18.032758712768555,-1.3444939851760864,-4.472177028656006,2.0
developer,256,15,0.14755916595458984,0.5,-18.852397918701172,-1.1401450634002686,-54.05439758300781,2.0
developer,256,16,0.2511094808578491,0.5,-17.697525024414062,-0.8610058426856995,-81.64469909667969,2.0
developer,256,17,0.3668639063835144,0.49038460850715637,-15.642181396484375,-0.4527808725833893,-18.787059783935547,2.0
developer,256,18,0.38979288935661316,0.49038460850715637,-32.5783576965332,-0.3659972846508026,299.6028137207031,2.0
developer,256,19,0.3994082808494568,0.5,-40.173095703125,-0.3238386809825897,445.34173583984375,2.0
developer,256,20,0.43528106808662415,0.48076924681663513,-47.60082244873047,-0.25246909260749817,-224.51832580566406,2.0
developer,256,21,0.4301035404205322,0.5,-56.95771789550781,-0.2669471204280853,-346.7586975097656,2.0
developer,256,22,0.4323224723339081,0.49038460850715637,-73.32585144042969,-0.2633226215839386,830.8792724609375,2.0
developer,256,23,0.4363905191421509,0.49038460850715637,-79.67290496826172,-0.2747758626937866,-444.96435546875,2.0
user,0,0,0.0,0.5,-2.0018391609191895,-1.9042463302612305,-0.5664442181587219,2.0
user,0,1,0.0,0.5,-3.478428840637207,-1.9252803325653076,-0.361164927482605,2.0
user,0,2,0.0,0.5,-5.438217639923096,-1.9637014865875244,-0.6812824010848999,2.0
user,0,3,0.0,0.5,-6.564091682434082,-1.9579745531082153,-1.300283432006836,2.0
user,0,4,0.002588757313787937,0.5,-4.606700897216797,-1.7632461786270142,-1.8786382675170898,2.0
user,0,5,0.14792899787425995,0.49038460850715637,-3.9413983821868896,-1.3305858373641968,-3.0669708251953125,2.0
user,0,6,1.0,1.0,76.47822570800781,1.9607739448547363,-38.063446044921875,2.0
user,0,7,1.0,1.0,41268.796875,1.99971342086792,-19335.43359375,2.0
user,0,8,1.0,1.0,41260.109375,1.9997135400772095,-19339.6328125,2.0
user,0,9,1.0,1.0,41513.8203125,1.9997172355651855,-19471.177734375,2.0
user,0,10,1.0,1.0,41077.40234375,1.9997096061706543,-19371.109375,2.0
user,0,11,1.0,1.0,41087.2578125,1.9997098445892334,-19399.81640625,2.0
user,0,12,1.0,1.0,41080.296875,1.9997094869613647,-19407.2421875,2.0
user,0,13,1.0,1.0,41073.90625,1.9997090101242065,-19412.376953125,2.0
user,0,14,1.0,1.0,41062.171875,1.9997085332870483,-19416.82421875,2.0
user,0,15,1.0,1.0,41080.12890625,1.9997085332870483,-19399.91796875,2.0
user,0,16,1.0,1.0,41062.62109375,1.999707579612732,-19403.232421875,2.0
user,0,17,1.0,1.0,41053.38671875,1.9997072219848633,-19391.09765625,2.0
user,0,18,0.959319531917572,0.9711538553237915,1092.5069580078125,1.7301973104476929,-239.90371704101562,2.0
user,0,19,0.9848372936248779,0.9807692170143127,1221.615478515625,1.8341717720031738,-158.26268005371094,2.0
user,0,20,0.985946774482727,0.9711538553237915,970.16845703125,1.7994662523269653,-165.26417541503906,2.0
user,0,21,0.9948225021362305,0.9807692170143127,1041.0489501953125,1.7263567447662354,-144.8487548828125,2.0
user,0,22,0.9918639063835144,0.9519230723381042,961.9949951171875,1.6868607997894287,-146.19595336914062,2.0
user,0,23,0.9840976595878601,0.9230769276618958,880.9993896484375,1.638988971710205,-150.22250366210938,2.0
user,8,0,0.0,0.5,-2.0022599697113037,-1.952142357826233,-0.20419999957084656,2.0
user,8,1,0.012573964893817902,0.5,-3.762972831726074,-1.8559316396713257,-0.35177671909332275,2.0
user,8,2,0.001109467470087111,0.5,-5.305829048156738,-1.8864166736602783,-0.9884198904037476,2.0
user,8,3,0.000739644980058074,0.5,-6.545934677124023,-1.873619794845581,-1.0548760890960693,2.0
user,8,4,0.0,0.4711538553237915,-8.617557525634766,-1.8888200521469116,-1.293489694595337,2.0
user,8,5,0.000739644980058074,0.5,-10.020746231079102,-1.8811125755310059,-1.688386082649231,2.0
user,8,6,0.001849112450145185,0.49038460850715637,-11.331218719482422,-1.8568031787872314,-3.47170352935791,2.0
user,8,7,0.002958579920232296,0.5,-12.30262565612793,-1.810376524925232,-8.26980972290039,2.0
user,8,8,0.005917159840464592,0.49038460850715637,-12.675554275512695,-1.5577828884124756,-32.583675384521484,2.0
user,8,9,0.027736686170101166,0.49038460850715637,-14.217301368713379,-1.354137897491455,-45.81548309326172,2.0
user,8,10,0.05954141914844513,0.49038460850715637,-15.764336585998535,-1.0974762439727783,-80.28507995605469,2.0
user,8,11,0.08247041702270508,0.49038460850715637,-17.01437759399414,-1.0442167520523071,-89.74656677246094,2.0
user,8,12,0.08210059255361557,0.49038460850715637,-19.256195068359375,-0.9398131370544434,-111.97125244140625,2.0
user,8,13,0.10761834681034088,0.49038460850715637,-21.008556365966797,-1.0308003425598145,-89.79021453857422,2.0
user,8,14,0.09689348936080933,0.49038460850715637,-22.542644500732422,-0.9552410244941711,-121.43388366699219,2.0
user,8,15,0.11538461595773697,0.49038460850715637,-21.827543258666992,-0.9505918622016907,-99.58060455322266,2.0
user,8,16,0.21412721276283264,0.49038460850715637,-22.486553192138672,-0.672290563583374,-170.36868286132812,2.0
user,8,17,0.5273668766021729,0.509615421295166,-5.229503631591797,-0.11262068152427673,33.0955810546875,2.0
user,8,18,0.4090236723423004,0.49038460850715637,-46.19393539428711,-0.37851327657699585,-532.03466796875,2.0
user,8,19,0.5003698468208313,0.5192307829856873,-38.50059509277344,-0.21814259886741638,-89.49098205566406,2.0
user,8,20,0.45562130212783813,0.5,-61.36162567138672,-0.26142576336860657,-251.5390625,2.0
user,8,21,0.5096153616905212,0.5,-21.10467529296875,-0.07816983759403229,-288.9324645996094,2.0
user,8,22,0.47744083404541016,0.5096153616905212,-49.746337890625,-0.1609349399805069,-385.843505859375,2.0
user,8,23,0.4752219021320343,0.5384615659713745,-60.56585693359375,-0.1757461279630661,-313.4888916015625,2.0
user,32,0,0.0,0.5,-2.0023820400238037,-1.9676202535629272,-0.16279473900794983,2.0
user,32,1,0.0,0.48076921701431274,-3.8405227661132812,-1.9376578330993652,-0.2366679608821869,2.0
user,32,2,0.0,0.48076921701431274,-5.375703811645508,-1.9303698539733887,-0.7636711597442627,2.0
user,32,3,0.00850591715425253,0.49038460850715637,-6.516360759735107,-1.858431100845337,-0.5899421572685242,2.0
user,32,4,0.001109467470087111,0.49038460850715637,-8.450037002563477,-1.8587322235107422,-1.3263447284698486,2.0
user,32,5,0.000369822490029037,0.49038460850715637,-9.99543285369873,-1.883013367652893,-0.7168575525283813,2.0
user,32,6,0.000369822490029037,0.5,-11.178318977355957,-1.8731411695480347,-3.40421199798584,2.0
user,32,7,0.0,0.49038460850715637,-12.65728759765625,-1.8004944324493408,-5.72639274597168,2.0
user,32,8,0.015532544814050198,0.5,-12.173099517822266,-1.6300218105316162,-13.757394790649414,2.0
user,32,9,0.05621301755309105,0.5,-13.325774192810059,-1.4391193389892578,-42.95068359375,2.0
user,32,10,0.07026626914739609,0.5,-14.437524795532227,-1.317923665046692,-94.42367553710938,2.0
user,32,11,0.08949704468250275,0.5,-15.31594181060791,-1.290513277053833,-109.75553894042969,2.0
user,32,12,0.12389053404331207,0.5,-16.408973693847656,-1.163676381111145,-127.7818603515625,2.0
user,32,13,0.1335059106349945,0.5,-18.760793685913086,-1.1399048566818237,-102.27494812011719,2.0
user,32,14,0.125,0.5,-21.080411911010742,-1.1325300931930542,-133.7853546142578,2.0
user,32,15,0.1582840234041214,0.5,-20.887676239013672,-1.1347085237503052,-109.41583251953125,2.0
user,32,16,0.21819525957107544,0.5,-22.53327178955078,-0.9280938506126404,-173.07220458984375,2.0
user,32,17,0.33616864681243896,0.5,-23.14910888671875,-0.5796858072280884,-213.92698669433594,2.0
user,32,18,0.29733726382255554,0.5,-64.05265808105469,-0.6848242878913879,-514.4302978515625,2.0
user,32,19,0.3254437744617462,0.5,-91.44699096679688,-0.5876849889755249,-188.4766845703125,2.0
user,32,20,0.31065088510513306,0.49038460850715637,-159.588623046875,-0.6644734144210815,-418.93621826171875,2.0
user,32,21,0.3302514851093292,0.5,-165.81710815429688,-0.5792401432991028,-318.83343505859375,2.0
user,32,22,0.3128698170185089,0.49038460850715637,-218.9266815185547,-0.6291738152503967,-446.2272644042969,2.0
user,32,23,0.3084319531917572,0.49038463830947876,-245.64666748046875,-0.6526302099227905,-350.2722473144531,2.0
user,128,0,0.0,0.5,-2.0021440982818604,-1.968479871749878,-0.22670194506645203,2.0
user,128,1,0.0,0.5,-3.86152982711792,-1.9701892137527466,-0.1593797504901886,2.0
user,128,2,0.0,0.5,-5.364029884338379,-1.9496417045593262,-0.9565005302429199,2.0
user,128,3,0.0,0.49038460850715637,-6.542576789855957,-1.936138391494751,-1.2839120626449585,2.0
user,128,4,0.0,0.5,-8.359138488769531,-1.939825177192688,-1.6672481298446655,2.0
user,128,5,0.0,0.5,-9.711868286132812,-1.9286898374557495,-1.5875535011291504,2.0
user,128,6,0.0,0.5,-10.942298889160156,-1.8830128908157349,-1.9514706134796143,2.0
user,128,7,0.027366863563656807,0.49038460850715637,-12.11863899230957,-1.7101686000823975,-5.024784088134766,2.0
user,128,8,0.05325443670153618,0.5,-11.693140983581543,-1.5256896018981934,-8.0418062210083,2.0
user,128,9,0.0832100585103035,0.5,-12.968393325805664,-1.3763870000839233,-13.352337837219238,2.0
user,128,10,0.1042899414896965,0.49038460850715637,-13.844303131103516,-1.2577574253082275,-12.50900650024414,2.0
user,128,11,0.11353550106287003,0.49038460850715637,-14.710054397583008,-1.2320133447647095,-11.014727592468262,2.0
user,128,12,0.11427515000104904,0.49038460850715637,-15.721189498901367,-1.1957582235336304,-8.652209281921387,2.0
user,128,13,0.11094674468040466,0.49038460850715637,-17.85889434814453,-1.2134473323822021,-10.986068725585938,2.0
user,128,14,0.10613905638456345,0.49038460850715637,-18.934232711791992,-1.1455588340759277,-22.982101440429688,2.0
user,128,15,0.15569525957107544,0.49038460850715637,-20.863235473632812,-1.0707457065582275,-22.63421630859375,2.0
user,128,16,0.21967455744743347,0.49038460850715637,-22.42251968383789,-0.8478642106056213,-44.57620620727539,2.0
user,128,17,0.31878697872161865,0.49038460850715637,-22.19415283203125,-0.5610587000846863,-72.62004089355469,2.0
user,128,18,0.31102070212364197,0.4711538553237915,-59.268707275390625,-0.6538928747177124,295.69171142578125,2.0
user,128,19,0.33468934893608093,0.5,-82.76741790771484,-0.5856545567512512,-228.666748046875,2.0
user,128,20,0.34467455744743347,0.5,-123.23110961914062,-0.5699949860572815,-449.23358154296875,2.0
user,128,21,0.34837278723716736,0.5,-140.0144805908203,-0.5497304201126099,-448.531494140625,2.0
user,128,22,0.3243343234062195,0.5,-194.7489471435547,-0.6288900375366211,-625.1268310546875,2.0
user,128,23,0.3291420042514801,0.5,-205.21157836914062,-0.6232929229736328,-612.387939453125,2.0
user,256,0,0.0,0.4615384638309479,-2.002411127090454,-1.9333444833755493,-0.1645849645137787,2.0
user,256,1,0.0,0.5,-3.9106297492980957,-1.9602265357971191,-0.20675812661647797,2.0
user,256,2,0.0,0.5,-5.390315532684326,-1.9523929357528687,-1.027165412902832,2.0
user,256,3,0.0,0.5,-6.506557941436768,-1.9468127489089966,-1.223747968673706,2.0
user,256,4,0.0,0.49038460850715637,-8.30012035369873,-1.908140778541565,-0.7511963248252869,2.0
user,256,5,0.0,0.5,-9.725278854370117,-1.9143415689468384,-0.2841794490814209,2.0
user,256,6,0.0,0.5,-10.975257873535156,-1.8985073566436768,-0.07626016438007355,2.0
user,256,7,0.0,0.5,-12.477273941040039,-1.8538727760314941,-5.086494445800781,2.0
user,256,8,0.004807692486792803,0.5,-11.951775550842285,-1.763763427734375,-6.795642375946045,2.0
user,256,9,0.041420117020606995,0.5,-12.765166282653809,-1.599204421043396,-18.601215362548828,2.0
user,256,10,0.05880177393555641,0.5,-12.939833641052246,-1.5408456325531006,-34.11414337158203,2.0
user,256,11,0.07026626914739609,0.5,-13.730144500732422,-1.4434502124786377,-5.512667179107666,2.0
user,256,12,0.07285503298044205,0.48076921701431274,-14.98274040222168,-1.3887450695037842,-3.290353298187256,2.0
user,256,13,0.07988165318965912,0.49038460850715637,-16.54300308227539,-1.3943284749984741,-2.0597381591796875,2.0
user,256,14,0.09282544255256653,0.49038460850715637,-17.608747482299805,-1.3357781171798706,-2.468794345855713,2.0
user,256,15,0.14312130212783813,0.5,-19.125595092773438,-1.156921625137329,-49.448158264160156,2.0
user,256,16,0.26146450638771057,0.5,-17.234237670898438,-0.8291186690330505,-74.32073974609375,2.0
user,256,17,0.4093934893608093,0.49038460850715637,-11.889503479003906,-0.3354976177215576,138.54379272460938,2.0
user,256,18,0.3713017702102661,0.5,-43.1639404296875,-0.4572950303554535,326.4167175292969,2.0
user,256,19,0.3779585659503937,0.5,-53.869293212890625,-0.4294915199279785,461.2921142578125,2.0
user,256,20,0.415680468082428,0.5,-61.85639190673828,-0.32433924078941345,619.3870849609375,2.0
user,256,21,0.4249260425567627,0.5,-69.52809143066406,-0.32219815254211426,-364.4591064453125,2.0
user,256,22,0.41937869787216187,0.5,-97.14132690429688,-0.34424376487731934,-532.155517578125,2.0
user,256,23,0.42270711064338684,0.5,-93.54900360107422,-0.3200286626815796,-551.8094482421875,2.0
cot,0,0,0.0,0.5,-2.0018391609191895,-1.9042463302612305,-0.5664442181587219,2.0
cot,0,1,0.0,0.5,-3.468820810317993,-1.9233920574188232,-0.333654522895813,2.0
cot,0,2,0.0,0.49038460850715637,-5.369411945343018,-1.960336685180664,-0.787260890007019,2.0
cot,0,3,0.0,0.49038460850715637,-6.664400577545166,-1.962658405303955,-1.336277961730957,2.0
cot,0,4,0.006656804587692022,0.5,-4.332200527191162,-1.7244981527328491,-1.3919615745544434,2.0
cot,0,5,0.14644969999790192,0.5,-3.7948594093322754,-1.2493064403533936,-4.06477689743042,2.0
cot,0,6,1.0,1.0,80.92707061767578,1.964595913887024,-34.13031768798828,2.0
cot,0,7,1.0,1.0,41273.5,1.99971342086792,-19331.625,2.0
cot,0,8,1.0,1.0,41270.84765625,1.999713659286499,-19332.115234375,2.0
cot,0,9,1.0,1.0,41523.80078125,1.9997172355651855,-19466.1484375,2.0
cot,0,10,1.0,1.0,41094.21875,1.999709963798523,-19363.3671875,2.0
cot,0,11,1.0,1.0,41121.5859375,1.9997106790542603,-19375.384765625,2.0
cot,0,12,1.0,1.0,41119.57421875,1.9997103214263916,-19381.400390625,2.0
cot,0,13,1.0,1.0,41123.78125,1.9997103214263916,-19379.32421875,2.0
cot,0,14,1.0,1.0,41117.13671875,1.9997100830078125,-19379.28125,2.0
cot,0,15,1.0,1.0,41126.55078125,1.9997097253799438,-19366.5,2.0
cot,0,16,1.0,1.0,41122.0078125,1.9997096061706543,-19365.875,2.0
cot,0,17,1.0,1.0,41093.953125,1.999709129333496,-19372.474609375,2.0
cot,0,18,0.9604290127754211,0.9711538553237915,1145.5931396484375,1.7525237798690796,-213.3688507080078,2.0
cot,0,19,0.9822485446929932,0.9807692170143127,1205.4742431640625,1.8271729946136475,-267.91241455078125,2.0
cot,0,20,0.9826183319091797,0.9519230723381042,952.2743530273438,1.7797898054122925,-296.7039794921875,2.0
cot,0,21,0.9863165616989136,0.932692289352417,967.471923828125,1.671170949935913,-235.09225463867188,2.0
cot,0,22,0.9770709872245789,0.9134615659713745,895.3411865234375,1.621635913848877,-197.25381469726562,2.0
cot,0,23,0.9619082808494568,0.8557692766189575,821.0453491210938,1.5631580352783203,-215.4993438720703,2.0
cot,8,0,0.0,0.5,-2.0022599697113037,-1.952142357826233,-0.20419999957084656,2.0
cot,8,1,0.012943786568939686,0.49038460850715637,-3.7903571128845215,-1.8578161001205444,-0.34924086928367615,2.0
cot,8,2,0.001109467470087111,0.5,-5.347765922546387,-1.8872700929641724,-1.025827407836914,2.0
cot,8,3,0.000739644980058074,0.5,-6.766626358032227,-1.8778778314590454,-1.2991083860397339,2.0
cot,8,4,0.000369822490029037,0.4711538553237915,-8.59142780303955,-1.8834551572799683,-1.2078344821929932,2.0
cot,8,5,0.000739644980058074,0.49038460850715637,-10.00556755065918,-1.8766167163848877,-1.634657382965088,2.0
cot,8,6,0.002218934940174222,0.49038460850715637,-11.163583755493164,-1.8615330457687378,-2.593679189682007,2.0
cot,8,7,0.000369822490029037,0.48076921701431274,-12.66229248046875,-1.8242546319961548,-3.6821231842041016,2.0
cot,8,8,0.00369822490029037,0.5,-11.383123397827148,-1.7731581926345825,-7.7422404289245605,2.0
cot,8,9,0.018491124734282494,0.5,-11.856365203857422,-1.6708959341049194,-9.926380157470703,2.0
cot,8,10,0.06028106436133385,0.49038460850715637,-12.351030349731445,-1.4466301202774048,-13.118597984313965,2.0
cot,8,11,0.09911242872476578,0.48076921701431274,-12.682204246520996,-1.3527792692184448,-5.884932518005371,2.0
cot,8,12,0.09393490850925446,0.5,-14.006688117980957,-1.3664724826812744,-14.252760887145996,2.0
cot,8,13,0.16124260425567627,0.5,-13.664852142333984,-1.1581754684448242,-6.490059852600098,2.0
cot,8,14,0.16050295531749725,0.5,-13.171209335327148,-1.1528282165527344,-14.541847229003906,2.0
cot,8,15,0.19526627659797668,0.5,-12.028778076171875,-0.9566737413406372,3.4980833530426025,2.0
cot,8,16,0.2570266127586365,0.5,-13.364486694335938,-0.8309758901596069,-16.36309242248535,2.0
cot,8,17,0.46930474042892456,0.5,-2.9805526733398438,-0.10544949769973755,33.040157318115234,2.0
cot,8,18,0.514053225517273,0.5480769276618958,-0.9651336669921875,-0.009025612846016884,34.626556396484375,2.0
cot,8,19,0.5332840085029602,0.5096153616905212,1.23419189453125,0.006415762472897768,204.662109375,2.0
cot,8,20,0.5203402638435364,0.5288461446762085,12.750442504882812,0.04725479334592819,225.83621215820312,2.0
cot,8,21,0.5318047404289246,0.49038460850715637,24.150115966796875,0.07574724406003952,-384.28509521484375,2.0
cot,8,22,0.5325443744659424,0.5,25.075149536132812,0.06989933550357819,485.6728515625,2.0
cot,8,23,0.5318047404289246,0.5,29.509170532226562,0.07233575731515884,522.729248046875,2.0
cot,32,0,0.0,0.5,-2.0023820400238037,-1.9676202535629272,-0.16279473900794983,2.0
cot,32,1,0.0,0.48076921701431274,-3.8456103801727295,-1.937941312789917,-0.24433870613574982,2.0
cot,32,2,0.0,0.5,-5.378059387207031,-1.9291040897369385,-0.9072666168212891,2.0
cot,32,3,0.00813609454780817,0.5,-6.628958702087402,-1.8600934743881226,-0.7751170992851257,2.0
cot,32,4,0.000739644980058074,0.48076921701431274,-8.457515716552734,-1.8603408336639404,-1.098633050918579,2.0
cot,32,5,0.0,0.5,-10.03815746307373,-1.8840562105178833,-1.0232539176940918,2.0
cot,32,6,0.000369822490029037,0.5,-11.192097663879395,-1.871161699295044,-1.8782589435577393,2.0
cot,32,7,0.0,0.49038460850715637,-12.916513442993164,-1.825737714767456,-2.4777493476867676,2.0
cot,32,8,0.018491124734282494,0.49038460850715637,-11.58755111694336,-1.654311180114746,-3.328828811645508,2.0
cot,32,9,0.06323964148759842,0.49038460850715637,-11.793050765991211,-1.4438832998275757,-7.6348161697387695,2.0
cot,32,10,0.0791420117020607,0.5,-12.682549476623535,-1.3238006830215454,-9.647504806518555,2.0
cot,32,11,0.09689348936080933,0.49038460850715637,-13.719023704528809,-1.3082544803619385,-7.254127025604248,2.0
cot,32,12,0.12980769574642181,0.49038460850715637,-15.347614288330078,-1.2056280374526978,-7.996001243591309,2.0
cot,32,13,0.14349111914634705,0.49038460850715637,-16.80311393737793,-1.1668020486831665,-4.966028690338135,2.0
cot,32,14,0.14903846383094788,0.49038460850715637,-17.62024688720703,-1.0882213115692139,-7.175147533416748,2.0
cot,32,15,0.18047337234020233,0.49038460850715637,-18.087810516357422,-1.0183260440826416,-4.996483325958252,2.0
cot,32,16,0.2570266127586365,0.49038460850715637,-18.396373748779297,-0.8171969652175903,-19.96297836303711,2.0
cot,32,17,0.3957100510597229,0.49038460850715637,-15.239204406738281,-0.38777562975883484,-15.416784286499023,2.0
cot,32,18,0.4375,0.5384615063667297,-18.15234375,-0.18936610221862793,224.9161834716797,2.0
cot,32,19,0.43897929787635803,0.49038463830947876,-27.56396484375,-0.15796051919460297,408.15277099609375,2.0
cot,32,20,0.44785502552986145,0.5,-33.76310729980469,-0.13404901325702667,478.7109375,2.0
cot,32,21,0.4500739574432373,0.48076924681663513,-45.938568115234375,-0.14494343101978302,590.913330078125,2.0
cot,32,22,0.4534023702144623,0.5,-50.87982177734375,-0.1362466812133789,814.7210693359375,2.0
cot,32,23,0.45636093616485596,0.49038460850715637,-57.6239013671875,-0.14020735025405884,853.1214599609375,2.0
cot,128,0,0.0,0.5,-2.0021440982818604,-1.968479871749878,-0.22670194506645203,2.0
cot,128,1,0.0,0.5,-3.86076021194458,-1.9700169563293457,-0.16312307119369507,2.0
cot,128,2,0.0,0.5,-5.3678178787231445,-1.9497572183609009,-0.9466851949691772,2.0
cot,128,3,0.0,0.49038460850715637,-6.607057571411133,-1.936479926109314,-1.3785511255264282,2.0
cot,128,4,0.0,0.5,-8.413454055786133,-1.9402350187301636,-1.8574261665344238,2.0
cot,128,5,0.0,0.5,-9.845901489257812,-1.932223916053772,-1.7405816316604614,2.0
cot,128,6,0.0,0.5,-11.017377853393555,-1.889886498451233,-1.3125855922698975,2.0
cot,128,7,0.025147929787635803,0.48076921701431274,-12.301990509033203,-1.7267168760299683,-2.2820615768432617,2.0
cot,128,8,0.054363906383514404,0.4711538553237915,-11.433679580688477,-1.5345853567123413,-2.180652141571045,2.0
cot,128,9,0.09282544255256653,0.49038460850715637,-11.855122566223145,-1.3585717678070068,-5.194396018981934,2.0
cot,128,10,0.11131656914949417,0.48076921701431274,-12.692403793334961,-1.292449951171875,-4.833949089050293,2.0
cot,128,11,0.11575444042682648,0.49038460850715637,-13.498104095458984,-1.274492621421814,-1.614699125289917,2.0
cot,128,12,0.10539940744638443,0.5,-15.090169906616211,-1.2704299688339233,-5.355959892272949,2.0
cot,128,13,0.11464496701955795,0.5,-16.248138427734375,-1.2599120140075684,-0.840671181678772,2.0
cot,128,14,0.10576923191547394,0.5,-17.10570526123047,-1.2298002243041992,3.7430977821350098,2.0
cot,128,15,0.17566567659378052,0.5,-16.74734115600586,-1.0636276006698608,-6.062435150146484,2.0
cot,128,16,0.2507396340370178,0.5,-18.085357666015625,-0.7560280561447144,-31.362112045288086,2.0
cot,128,17,0.37721893191337585,0.5,-11.704795837402344,-0.34079644083976746,20.065853118896484,2.0
cot,128,18,0.44711539149284363,0.48076924681663513,-16.281944274902344,-0.2018720507621765,295.60308837890625,2.0
cot,128,19,0.46893492341041565,0.5,-16.817092895507812,-0.12043158710002899,269.48516845703125,2.0
cot,128,20,0.4785502851009369,0.49038463830947876,-8.403289794921875,-0.03993860259652138,378.20367431640625,2.0
cot,128,21,0.4630177617073059,0.5192307829856873,-22.891448974609375,-0.08788314461708069,74.54214477539062,2.0
cot,128,22,0.4504437744617462,0.5192307829856873,-28.17108154296875,-0.08804026991128922,696.242919921875,2.0
cot,128,23,0.45968934893608093,0.5096153616905212,-24.183502197265625,-0.06919627636671066,729.580078125,2.0
cot,256,0,0.0,0.4615384638309479,-2.002411127090454,-1.9333444833755493,-0.1645849645137787,2.0
cot,256,1,0.0,0.5,-3.9102602005004883,-1.9599568843841553,-0.20804819464683533,2.0
cot,256,2,0.0,0.5,-5.393819808959961,-1.9523944854736328,-1.0376408100128174,2.0
cot,256,3,0.0,0.5,-6.575443267822266,-1.9473693370819092,-1.252622365951538,2.0
cot,256,4,0.0,0.49038460850715637,-8.362674713134766,-1.9098968505859375,-0.802129864692688,2.0
cot,256,5,0.0,0.5,-9.850881576538086,-1.9214165210723877,-0.32685327529907227,2.0
cot,256,6,0.0,0.5,-10.96884536743164,-1.9013752937316895,-0.24721449613571167,2.0
cot,256,7,0.0,0.5,-12.512069702148438,-1.8542624711990356,-5.54844856262207,2.0
cot,256,8,0.006286982446908951,0.5,-11.722573280334473,-1.7510679960250854,-6.398096084594727,2.0
cot,256,9,0.050665680319070816,0.5,-11.7769193649292,-1.5487202405929565,-13.603059768676758,2.0
cot,256,10,0.0747041404247284,0.5,-11.759539604187012,-1.4851175546646118,-29.607440948486328,2.0
cot,256,11,0.08912722021341324,0.5,-12.366554260253906,-1.382688045501709,-39.72933578491211,2.0
cot,256,12,0.08431952446699142,0.5,-13.869295120239258,-1.378373622894287,-47.373653411865234,2.0
cot,256,13,0.08579881489276886,0.5,-15.517904281616211,-1.369825005531311,-44.76214599609375,2.0
cot,256,14,0.1002218946814537,0.5,-15.583240509033203,-1.3301587104797363,-52.56277847290039,2.0
cot,256,15,0.19008876383304596,0.5,-15.281448364257812,-1.0224581956863403,-56.04180908203125,2.0
cot,256,16,0.2673816680908203,0.5,-14.666427612304688,-0.7953805923461914,-83.22343444824219,2.0
cot,256,17,0.434171587228775,0.5,-6.816993713378906,-0.21290083229541779,-97.09513854980469,2.0
cot,256,18,0.4456360936164856,0.5,-16.19275665283203,-0.18620850145816803,282.9482421875,2.0
cot,256,19,0.4615384638309479,0.49038463830947876,-12.297653198242188,-0.10071923583745956,56.66700744628906,2.0
cot,256,20,0.5070266127586365,0.48076921701431274,3.9768829345703125,0.020962558686733246,25.613521575927734,2.0
cot,256,21,0.4992603659629822,0.5192307829856873,-2.32061767578125,-0.010297245346009731,457.31243896484375,2.0
cot,256,22,0.4970414340496063,0.5,0.490936279296875,0.0017421325901523232,532.64404296875,2.0
cot,256,23,0.49445265531539917,0.49038460850715637,-2.779541015625,-0.009306300431489944,614.4407348632812,2.0
assistant,0,0,0.0,0.5,-2.0018391609191895,-1.9042463302612305,-0.5664442181587219,2.0
assistant,0,1,0.0,0.5,-3.46926212310791,-1.9278197288513184,-0.35876113176345825,2.0
assistant,0,2,0.0,0.49038460850715637,-5.322504043579102,-1.9562886953353882,-0.8021986484527588,2.0
assistant,0,3,0.0,0.49038460850715637,-6.3096089363098145,-1.955804467201233,-1.184064507484436,2.0
assistant,0,4,0.00850591715425253,0.49038460850715637,-4.785712718963623,-1.725157380104065,-2.37453556060791,2.0
assistant,0,5,0.16568046808242798,0.5,-3.527794122695923,-1.2146193981170654,-4.2903971672058105,2.0
assistant,0,6,1.0,1.0,81.71054077148438,1.9650866985321045,-32.46149444580078,2.0
assistant,0,7,1.0,1.0,41275.66796875,1.99971342086792,-19329.978515625,2.0
assistant,0,8,1.0,1.0,41270.203125,1.999713659286499,-19333.447265625,2.0
assistant,0,9,1.0,1.0,41525.10546875,1.9997172355651855,-19466.4765625,2.0
assistant,0,10,1.0,1.0,41095.33984375,1.999709963798523,-19362.498046875,2.0
assistant,0,11,1.0,1.0,41118.70703125,1.9997106790542603,-19377.951171875,2.0
assistant,0,12,1.0,1.0,41116.94921875,1.9997103214263916,-19381.8046875,2.0
assistant,0,13,1.0,1.0,41125.3515625,1.9997105598449707,-19376.630859375,2.0
assistant,0,14,1.0,1.0,41106.12109375,1.999709963798523,-19386.8671875,2.0
assistant,0,15,1.0,1.0,41113.828125,1.9997097253799438,-19374.14453125,2.0
assistant,0,16,1.0,1.0,41097.109375,1.9997092485427856,-19380.720703125,2.0
assistant,0,17,1.0,1.0,41083.4921875,1.9997087717056274,-19377.94921875,2.0
assistant,0,18,0.959319531917572,0.9711538553237915,1093.6878662109375,1.732743740081787,-233.19322204589844,2.0
assistant,0,19,0.9840976595878601,0.9711538553237915,1222.4000244140625,1.8262782096862793,-211.16378784179688,2.0
assistant,0,20,0.9874260425567627,0.9519230723381042,1022.044921875,1.7875518798828125,-267.32110595703125,2.0
assistant,0,21,0.9881656765937805,0.942307710647583,1079.229736328125,1.7010700702667236,-235.32681274414062,2.0
assistant,0,22,0.9822485446929932,0.942307710647583,1009.5789794921875,1.6662667989730835,-34.504791259765625,2.0
assistant,0,23,0.9737426042556763,0.9134615659713745,949.412353515625,1.621932029724121,4.749171733856201,2.0
assistant,8,0,0.0,0.5,-2.0022599697113037,-1.952142357826233,-0.20419999957084656,2.0
assistant,8,1,0.012573964893817902,0.49038460850715637,-3.791862964630127,-1.8574934005737305,-0.35138097405433655,2.0
assistant,8,2,0.001109467470087111,0.5,-5.316988945007324,-1.8860458135604858,-1.0204493999481201,2.0
assistant,8,3,0.000369822490029037,0.5,-6.678248882293701,-1.87654709815979,-1.0029196739196777,2.0
assistant,8,4,0.0,0.4711538553237915,-8.697967529296875,-1.8885624408721924,-1.0224651098251343,2.0
assistant,8,5,0.000739644980058074,0.49038460850715637,-9.988593101501465,-1.876200795173645,-1.387941598892212,2.0
assistant,8,6,0.002588757313787937,0.49038460850715637,-10.799659729003906,-1.8542848825454712,-2.3828697204589844,2.0
assistant,8,7,0.000739644980058074,0.5,-12.311065673828125,-1.8465604782104492,-4.271112442016602,2.0
assistant,8,8,0.00369822490029037,0.5,-11.89917278289795,-1.8036173582077026,-9.191485404968262,2.0
assistant,8,9,0.0166420117020607,0.5,-12.581191062927246,-1.698339581489563,-12.842244148254395,2.0
assistant,8,10,0.05325443670153618,0.49038460850715637,-12.979066848754883,-1.4755949974060059,-14.198843955993652,2.0
assistant,8,11,0.08542899042367935,0.49038460850715637,-13.595108032226562,-1.4005154371261597,-10.404099464416504,2.0
assistant,8,12,0.08099112659692764,0.5,-14.371248245239258,-1.4225852489471436,-16.868553161621094,2.0
assistant,8,13,0.13091716170310974,0.5,-14.851234436035156,-1.2530031204223633,-7.7900800704956055,2.0
assistant,8,14,0.1420118361711502,0.5,-14.203569412231445,-1.213072419166565,-22.522220611572266,2.0
assistant,8,15,0.16937869787216187,0.5,-12.901546478271484,-1.0466086864471436,-8.226216316223145,2.0
assistant,8,16,0.22818046808242798,0.5,-14.704399108886719,-0.8944501280784607,-20.532365798950195,2.0
assistant,8,17,0.4700443744659424,0.49038460850715637,-4.234447479248047,-0.14533410966396332,30.123350143432617,2.0
assistant,8,18,0.514053225517273,0.48076924681663513,1.6275482177734375,0.014550182037055492,-24.309371948242188,2.0
assistant,8,19,0.5532544255256653,0.5192307829856873,20.549148559570312,0.1011606752872467,306.114013671875,2.0
assistant,8,20,0.55584317445755,0.5288461446762085,38.14337158203125,0.13413937389850616,352.171875,2.0
assistant,8,21,0.540680468082428,0.5288461446762085,37.99482727050781,0.11325005441904068,504.5042724609375,2.0
assistant,8,22,0.5462278127670288,0.5288461446762085,45.516845703125,0.12121309340000153,508.886474609375,2.0
assistant,8,23,0.5440088510513306,0.509615421295166,53.07579040527344,0.12462593615055084,543.810302734375,2.0
assistant,32,0,0.0,0.5,-2.0023820400238037,-1.9676202535629272,-0.16279473900794983,2.0
assistant,32,1,0.0,0.48076921701431274,-3.8476462364196777,-1.9378522634506226,-0.2415962964296341,2.0
assistant,32,2,0.0,0.48076921701431274,-5.375626564025879,-1.9286037683486938,-0.8133251070976257,2.0
assistant,32,3,0.00850591715425253,0.5,-6.599060535430908,-1.8594183921813965,-0.7692900896072388,2.0
assistant,32,4,0.000739644980058074,0.48076921701431274,-8.433769226074219,-1.8591063022613525,-1.1002862453460693,2.0
assistant,32,5,0.000369822490029037,0.5,-10.049413681030273,-1.8846983909606934,-0.9983323812484741,2.0
assistant,32,6,0.000369822490029037,0.5,-11.061417579650879,-1.8711791038513184,-1.504542350769043,2.0
assistant,32,7,0.0,0.49038460850715637,-12.755350112915039,-1.816453218460083,-1.7437782287597656,2.0
assistant,32,8,0.017751479521393776,0.49038460850715637,-11.83401107788086,-1.6516257524490356,-3.3724496364593506,2.0
assistant,32,9,0.06139053404331207,0.49038460850715637,-12.240577697753906,-1.462339997291565,-6.364074230194092,2.0
assistant,32,10,0.07655325531959534,0.49038460850715637,-13.044836044311523,-1.3575125932693481,-2.1457486152648926,2.0
assistant,32,11,0.08801775425672531,0.49038460850715637,-14.279030799865723,-1.3566827774047852,0.5601000785827637,2.0
assistant,32,12,0.12241124361753464,0.48076921701431274,-15.070898056030273,-1.241559386253357,1.4213190078735352,2.0
assistant,32,13,0.13276627659797668,0.49038460850715637,-16.762067794799805,-1.2028709650039673,1.4421179294586182,2.0
assistant,32,14,0.13868343830108643,0.49038460850715637,-17.69764518737793,-1.1316924095153809,1.1452676057815552,2.0
assistant,32,15,0.18565088510513306,0.49038460850715637,-16.919830322265625,-1.0094166994094849,-2.5413742065429688,2.0
assistant,32,16,0.2581360936164856,0.49038460850715637,-17.875320434570312,-0.8137932419776917,-11.091151237487793,2.0
assistant,32,17,0.39016273617744446,0.4711538553237915,-14.882667541503906,-0.3863790035247803,7.286557674407959,2.0
assistant,32,18,0.4511834383010864,0.5096153616905212,-12.669754028320312,-0.13013343513011932,-65.72525787353516,2.0
assistant,32,19,0.48446744680404663,0.49038463830947876,-8.4161376953125,-0.04646184667944908,416.6200866699219,2.0
assistant,32,20,0.5,0.509615421295166,0.19708251953125,0.0007513058953918517,523.589599609375,2.0
assistant,32,21,0.4881656765937805,0.49038463830947876,-10.756256103515625,-0.03263917192816734,592.789794921875,2.0
assistant,32,22,0.4929733872413635,0.5,-4.932525634765625,-0.012806189246475697,801.3897705078125,2.0
assistant,32,23,0.48890531063079834,0.509615421295166,-11.059478759765625,-0.025933340191841125,677.527099609375,2.0
assistant,128,0,0.0,0.5,-2.0021440982818604,-1.968479871749878,-0.22670194506645203,2.0
assistant,128,1,0.0,0.5,-3.86076021194458,-1.9700169563293457,-0.16312307119369507,2.0
assistant,128,2,0.0,0.5,-5.363644599914551,-1.9498040676116943,-0.9577011466026306,2.0
assistant,128,3,0.0,0.49038460850715637,-6.592111587524414,-1.9360815286636353,-1.3803331851959229,2.0
assistant,128,4,0.0,0.5,-8.4060640335083,-1.9399714469909668,-1.8704705238342285,2.0
assistant,128,5,0.0,0.5,-9.848420143127441,-1.932202935218811,-1.7831628322601318,2.0
assistant,128,6,0.0,0.5,-10.96560287475586,-1.8876867294311523,-1.0591108798980713,2.0
assistant,128,7,0.02588757313787937,0.48076921701431274,-12.180225372314453,-1.7189395427703857,-1.999403953552246,2.0
assistant,128,8,0.053994081914424896,0.4711538553237915,-11.612274169921875,-1.5424871444702148,-2.387701988220215,2.0
assistant,128,9,0.08949704468250275,0.5,-11.976119995117188,-1.371140480041504,-4.538546085357666,2.0
assistant,128,10,0.10650887340307236,0.48076921701431274,-13.007080078125,-1.3079376220703125,-4.859317779541016,2.0
assistant,128,11,0.10798816382884979,0.48076921701431274,-14.142068862915039,-1.3019596338272095,-1.5092236995697021,2.0
assistant,128,12,0.0998520702123642,0.5,-15.689258575439453,-1.2860238552093506,-2.2719225883483887,2.0
assistant,128,13,0.11094674468040466,0.49038460850715637,-16.452945709228516,-1.272196650505066,0.5556581616401672,2.0
assistant,128,14,0.103920117020607,0.5,-17.41790771484375,-1.2419949769973755,4.495887756347656,2.0
assistant,128,15,0.1838017702102661,0.5,-15.727313995361328,-1.02390718460083,-1.3644344806671143,2.0
assistant,128,16,0.23816567659378052,0.5,-17.125579833984375,-0.7765873074531555,-47.362396240234375,2.0
assistant,128,17,0.3994082808494568,0.5096153616905212,-7.637565612792969,-0.23827466368675232,20.42345428466797,2.0
assistant,128,18,0.5292159914970398,0.5192307829856873,10.25616455078125,0.12068068981170654,158.43345642089844,2.0
assistant,128,19,0.5325443744659424,0.5288461446762085,21.90924072265625,0.14501099288463593,264.08050537109375,2.0
assistant,128,20,0.567307710647583,0.5,64.08622741699219,0.2941953241825104,231.1373291015625,2.0
assistant,128,21,0.5495561957359314,0.5288461446762085,59.737457275390625,0.21885260939598083,466.79901123046875,2.0
assistant,128,22,0.5639792680740356,0.5192307829856873,90.01046752929688,0.269417405128479,241.71832275390625,2.0
assistant,128,23,0.5713757276535034,0.5480769276618958,108.5045166015625,0.3004068434238434,295.43548583984375,2.0
assistant,256,0,0.0,0.4615384638309479,-2.002411127090454,-1.9333444833755493,-0.1645849645137787,2.0
assistant,256,1,0.0,0.5,-3.9102602005004883,-1.9599568843841553,-0.20804819464683533,2.0
assistant,256,2,0.0,0.5,-5.393700122833252,-1.9525275230407715,-1.0343658924102783,2.0
assistant,256,3,0.0,0.5,-6.57145881652832,-1.9472078084945679,-1.2527098655700684,2.0
assistant,256,4,0.0,0.49038460850715637,-8.371520042419434,-1.9095702171325684,-0.8079049587249756,2.0
assistant,256,5,0.0,0.5,-9.847635269165039,-1.920944094657898,-0.3341970145702362,2.0
assistant,256,6,0.0,0.5,-10.910371780395508,-1.9013118743896484,-0.25413379073143005,2.0
assistant,256,7,0.0,0.5,-12.393592834472656,-1.8560651540756226,-5.531093597412109,2.0
assistant,256,8,0.005917159840464592,0.5,-11.771740913391113,-1.756019949913025,-3.783036231994629,2.0
assistant,256,9,0.050295859575271606,0.5,-11.813188552856445,-1.5631892681121826,-12.997352600097656,2.0
assistant,256,10,0.07137574255466461,0.5,-11.90884780883789,-1.5074180364608765,-23.67673683166504,2.0
assistant,256,11,0.07877218723297119,0.5,-12.683856964111328,-1.4226752519607544,-31.61410140991211,2.0
assistant,256,12,0.07544378936290741,0.5,-14.265314102172852,-1.410050392150879,-36.482303619384766,2.0
assistant,256,13,0.0791420117020607,0.5,-15.820968627929688,-1.393994688987732,-2.714622974395752,2.0
assistant,256,14,0.08838757127523422,0.5,-16.441364288330078,-1.376412034034729,-40.82325744628906,2.0
assistant,256,15,0.18047337234020233,0.5,-15.174217224121094,-1.0598046779632568,-43.54642868041992,2.0
assistant,256,16,0.2548076808452606,0.49038460850715637,-14.735347747802734,-0.8260029554367065,-0.7054134011268616,2.0
assistant,256,17,0.45968934893608093,0.5,-3.4187393188476562,-0.114433154463768,58.484161376953125,2.0
assistant,256,18,0.5528846383094788,0.557692289352417,15.898475646972656,0.1905919313430786,64.04249572753906,2.0
assistant,256,19,0.5273668766021729,0.5192307829856873,18.74853515625,0.1481422632932663,60.58043670654297,2.0
assistant,256,20,0.5994822382926941,0.5769230723381042,69.9097900390625,0.3583126664161682,67.15850830078125,2.0
assistant,256,21,0.5735946893692017,0.509615421295166,62.70268249511719,0.25833770632743835,85.62759399414062,2.0
assistant,256,22,0.5872781276702881,0.5480769276618958,90.318115234375,0.30342498421669006,82.38749694824219,2.0
assistant,256,23,0.586168646812439,0.5384615063667297,94.19784545898438,0.2932227849960327,105.9267578125,2.0
tool,0,0,0.0,0.5,-2.0018391609191895,-1.9042463302612305,-0.5664442181587219,2.0
tool,0,1,0.0,0.5,-3.4938700199127197,-1.9400664567947388,-0.227631613612175,2.0
tool,0,2,0.0,0.5,-5.355823040008545,-1.9628863334655762,-0.6094672679901123,2.0
tool,0,3,0.0,0.5,-6.35723352432251,-1.964643955230713,-0.7810463905334473,2.0
tool,0,4,0.010724851861596107,0.49038460850715637,-4.756160736083984,-1.7374193668365479,-2.113327980041504,2.0
tool,0,5,0.19267751276493073,0.5480769276618958,-2.887700080871582,-1.082646131515503,-1.8930506706237793,2.0
tool,0,6,1.0,1.0,82.56752014160156,1.9664852619171143,-31.49788475036621,2.0
tool,0,7,1.0,1.0,41275.51171875,1.99971342086792,-19330.248046875,2.0
tool,0,8,1.0,1.0,41273.0234375,1.9997137784957886,-19330.748046875,2.0
tool,0,9,1.0,1.0,41527.3046875,1.9997172355651855,-19462.51171875,2.0
tool,0,10,1.0,1.0,41098.05078125,1.999709963798523,-19359.0234375,2.0
tool,0,11,1.0,1.0,41123.25,1.9997106790542603,-19375.833984375,2.0
tool,0,12,1.0,1.0,41121.41796875,1.9997105598449707,-19380.376953125,2.0
tool,0,13,1.0,1.0,41126.984375,1.9997105598449707,-19378.00390625,2.0
tool,0,14,1.0,1.0,41120.12109375,1.9997103214263916,-19381.15234375,2.0
tool,0,15,1.0,1.0,41126.42578125,1.9997097253799438,-19368.810546875,2.0
tool,0,16,1.0,1.0,41122.48828125,1.9997096061706543,-19366.197265625,2.0
tool,0,17,1.0,1.0,41092.13671875,1.9997087717056274,-19367.595703125,2.0
tool,0,18,0.9585798978805542,0.9711538553237915,1128.0135498046875,1.7430603504180908,-214.99322509765625,2.0
tool,0,19,0.9815088510513306,0.9711538553237915,1218.5791015625,1.8240864276885986,-184.4679412841797,2.0
tool,0,20,0.9822485446929932,0.9615384340286255,956.2515258789062,1.7646844387054443,-301.8779296875,2.0
tool,0,21,0.982988178730011,0.942307710647583,970.8239135742188,1.6527600288391113,-220.635009765625,2.0
tool,0,22,0.9685651063919067,0.8942307829856873,879.684326171875,1.5812859535217285,-231.87557983398438,2.0
tool,0,23,0.9415680766105652,0.8557692766189575,773.5848388671875,1.4911880493164062,-257.5605773925781,2.0
tool,8,0,0.0,0.5,-2.0022599697113037,-1.952142357826233,-0.20419999957084656,2.0
tool,8,1,0.012943786568939686,0.5,-3.78041934967041,-1.8589985370635986,-0.2856881618499756,2.0
tool,8,2,0.001109467470087111,0.5,-5.3785600662231445,-1.89033842086792,-0.898562490940094,2.0
tool,8,3,0.000369822490029037,0.5,-6.591182708740234,-1.878765344619751,-1.0338149070739746,2.0
tool,8,4,0.0,0.48076921701431274,-8.373255729675293,-1.8846988677978516,-0.9600760340690613,2.0
tool,8,5,0.000739644980058074,0.5,-9.718233108520508,-1.8753527402877808,-1.6527575254440308,2.0
tool,8,6,0.002588757313787937,0.49038460850715637,-10.621325492858887,-1.8492807149887085,-1.9803361892700195,2.0
tool,8,7,0.001849112450145185,0.5,-11.95065689086914,-1.826696753501892,-6.325268745422363,2.0
tool,8,8,0.004437869880348444,0.5,-11.3554048538208,-1.743841290473938,-10.255348205566406,2.0
tool,8,9,0.028846153989434242,0.49038460850715637,-11.513301849365234,-1.5509270429611206,-16.79753303527832,2.0
tool,8,10,0.07766272127628326,0.49038460850715637,-12.025415420532227,-1.3354936838150024,-20.913448333740234,2.0
tool,8,11,0.1164940819144249,0.49038460850715637,-12.906303405761719,-1.1497268676757812,-45.14460372924805,2.0
tool,8,12,0.11834319680929184,0.49038460850715637,-14.128694534301758,-1.0952625274658203,-54.90516662597656,2.0
tool,8,13,0.1704881638288498,0.49038460850715637,-14.699682235717773,-1.0003007650375366,-42.178165435791016,2.0
tool,8,14,0.18084318935871124,0.49038460850715637,-14.039215087890625,-0.9352697134017944,-55.120365142822266,2.0
tool,8,15,0.21930474042892456,0.49038460850715637,-12.48541259765625,-0.8524802923202515,-36.666873931884766,2.0
tool,8,16,0.2592455744743347,0.48076924681663513,-14.340171813964844,-0.7603282928466797,6.824192047119141,2.0
tool,8,17,0.5081360936164856,0.5192307829856873,-0.7913055419921875,-0.025784650817513466,32.293453216552734,2.0
tool,8,18,0.4951923191547394,0.557692289352417,-4.188346862792969,-0.04137927293777466,13.717754364013672,2.0
tool,8,19,0.5462278127670288,0.5,10.661956787109375,0.05652888864278793,-103.03401184082031,2.0
tool,8,20,0.543639063835144,0.5288461446762085,23.397171020507812,0.08750038594007492,6.100037574768066,2.0
tool,8,21,0.5440088510513306,0.48076921701431274,36.075653076171875,0.11440184712409973,-318.02337646484375,2.0
tool,8,22,0.5403106212615967,0.49038460850715637,30.95306396484375,0.08702101558446884,-426.0330810546875,2.0
tool,8,23,0.5303254723548889,0.5192307829856873,23.004226684570312,0.057213179767131805,-134.81265258789062,2.0
tool,32,0,0.0,0.5,-2.0023820400238037,-1.9676202535629272,-0.16279473900794983,2.0
tool,32,1,0.0,0.48076921701431274,-3.8125367164611816,-1.9388318061828613,-0.17756278812885284,2.0
tool,32,2,0.0,0.49038460850715637,-5.409292697906494,-1.932246446609497,-0.8052984476089478,2.0
tool,32,3,0.009615384973585606,0.5,-6.600573539733887,-1.860603928565979,-0.6616464853286743,2.0
tool,32,4,0.001479289960116148,0.49038460850715637,-8.377856254577637,-1.8574670553207397,-0.9602563977241516,2.0
tool,32,5,0.000369822490029037,0.5,-9.926702499389648,-1.8824518918991089,-1.0137866735458374,2.0
tool,32,6,0.000369822490029037,0.5,-11.01998233795166,-1.8743205070495605,-1.8538025617599487,2.0
tool,32,7,0.0,0.49038460850715637,-12.551660537719727,-1.8090215921401978,-1.9626619815826416,2.0
tool,32,8,0.01701183430850506,0.49038460850715637,-11.7874755859375,-1.64786696434021,-3.753760814666748,2.0
tool,32,9,0.0625,0.49038460850715637,-12.21444320678711,-1.4267793893814087,-10.528794288635254,2.0
tool,32,10,0.07840237021446228,0.48076921701431274,-13.33668327331543,-1.310610294342041,-11.251226425170898,2.0
tool,32,11,0.0957840234041214,0.49038460850715637,-13.925337791442871,-1.3085447549819946,-13.380389213562012,2.0
tool,32,12,0.1331360936164856,0.49038460850715637,-14.83383560180664,-1.203682780265808,-12.885283470153809,2.0
tool,32,13,0.14866863191127777,0.49038460850715637,-16.304237365722656,-1.155194640159607,-5.918067932128906,2.0
tool,32,14,0.1545857936143875,0.49038460850715637,-17.536529541015625,-1.113466501235962,-5.963695526123047,2.0
tool,32,15,0.18195265531539917,0.49038460850715637,-17.90978240966797,-1.0553022623062134,-6.015438556671143,2.0
tool,32,16,0.22189348936080933,0.5,-20.634780883789062,-0.911507248878479,-35.39524459838867,2.0
tool,32,17,0.3916420042514801,0.5,-14.558624267578125,-0.38313448429107666,-25.506149291992188,2.0
tool,32,18,0.4119822382926941,0.5192307829856873,-25.858932495117188,-0.2925493121147156,-62.382938385009766,2.0
tool,32,19,0.42640531063079834,0.5,-39.44395446777344,-0.24187806248664856,-201.0965576171875,2.0
tool,32,20,0.4286242723464966,0.5096153616905212,-55.565887451171875,-0.2309107482433319,-268.83038330078125,2.0
tool,32,21,0.44378697872161865,0.5,-57.962921142578125,-0.19055432081222534,-314.61016845703125,2.0
tool,32,22,0.44748520851135254,0.5,-60.566986083984375,-0.1689024269580841,-302.37457275390625,2.0
tool,32,23,0.4445266127586365,0.5,-72.98736572265625,-0.18378843367099762,-333.0860595703125,2.0
tool,128,0,0.0,0.5,-2.0021440982818604,-1.968479871749878,-0.22670194506645203,2.0
tool,128,1,0.0,0.5,-3.8618922233581543,-1.9700812101364136,-0.16495248675346375,2.0
tool,128,2,0.0,0.5,-5.369128704071045,-1.9509563446044922,-0.9612357020378113,2.0
tool,128,3,0.0,0.49038460850715637,-6.639089584350586,-1.9374457597732544,-1.3835057020187378,2.0
tool,128,4,0.0,0.5,-8.402469635009766,-1.9399727582931519,-1.8753676414489746,2.0
tool,128,5,0.0,0.5,-9.856982231140137,-1.9322950839996338,-1.792209267616272,2.0
tool,128,6,0.0,0.5,-10.952510833740234,-1.8896898031234741,-1.1071679592132568,2.0
tool,128,7,0.028476331382989883,0.49038460850715637,-11.981364250183105,-1.7243372201919556,-2.6070733070373535,2.0
tool,128,8,0.05695266276597977,0.48076921701431274,-11.262106895446777,-1.5240533351898193,-3.1907424926757812,2.0
tool,128,9,0.09245561808347702,0.5,-11.525691032409668,-1.3290231227874756,-7.900991916656494,2.0
tool,128,10,0.1168639063835144,0.48076921701431274,-12.217493057250977,-1.2388205528259277,-6.0258684158325195,2.0
tool,128,11,0.1290680468082428,0.49038460850715637,-13.157485961914062,-1.2178674936294556,-4.267510414123535,2.0
tool,128,12,0.11945266276597977,0.5,-14.540130615234375,-1.2142434120178223,-4.551349639892578,2.0
tool,128,13,0.11575444042682648,0.5,-15.982978820800781,-1.2381175756454468,5.620619297027588,2.0
tool,128,14,0.10687869787216187,0.49038460850715637,-17.219650268554688,-1.2196507453918457,4.376575946807861,2.0
tool,128,15,0.1789940893650055,0.49038460850715637,-17.10710906982422,-1.034887433052063,-7.777500152587891,2.0
tool,128,16,0.24297337234020233,0.5,-18.495380401611328,-0.769034206867218,-34.719825744628906,2.0
tool,128,17,0.3831360936164856,0.5096153616905212,-10.640998840332031,-0.3175584673881531,-16.99669647216797,2.0
tool,128,18,0.4386094808578491,0.48076924681663513,-14.838653564453125,-0.18458040058612823,289.50164794921875,2.0
tool,128,19,0.4619082808494568,0.5,-19.928253173828125,-0.14828522503376007,9.34349536895752,2.0
tool,128,20,0.4630177617073059,0.4711538553237915,-16.465744018554688,-0.08388980478048325,112.75096130371094,2.0
tool,128,21,0.4615384638309479,0.509615421295166,-22.853057861328125,-0.09389612078666687,74.2218017578125,2.0
tool,128,22,0.4548816680908203,0.5288461446762085,-28.193115234375,-0.09436849504709244,-68.09086608886719,2.0
tool,128,23,0.4537721872329712,0.5480769276618958,-30.280517578125,-0.09258616715669632,-8.556902885437012,2.0
tool,256,0,0.0,0.4615384638309479,-2.002411127090454,-1.9333444833755493,-0.1645849645137787,2.0
tool,256,1,0.0,0.5,-3.90932559967041,-1.9600104093551636,-0.20795032382011414,2.0
tool,256,2,0.0,0.5,-5.394411087036133,-1.9526770114898682,-1.0492693185806274,2.0
tool,256,3,0.0,0.5,-6.564865589141846,-1.9475423097610474,-1.2596380710601807,2.0
tool,256,4,0.0,0.48076921701431274,-8.359905242919922,-1.910990595817566,-0.7466723918914795,2.0
tool,256,5,0.0,0.5,-9.847396850585938,-1.9190754890441895,-0.47619393467903137,2.0
tool,256,6,0.0,0.5,-10.930112838745117,-1.8976229429244995,-0.46166136860847473,2.0
tool,256,7,0.0,0.5,-12.307979583740234,-1.8502670526504517,-5.192269325256348,2.0
tool,256,8,0.006656804587692022,0.5,-11.551212310791016,-1.7354817390441895,-7.993161201477051,2.0
tool,256,9,0.05214497074484825,0.5,-11.690122604370117,-1.5188212394714355,-17.6198673248291,2.0
tool,256,10,0.07655325531959534,0.5,-11.764540672302246,-1.4658384323120117,-30.75572395324707,2.0
tool,256,11,0.08801775425672531,0.5,-12.553054809570312,-1.388441801071167,-39.45171356201172,2.0
tool,256,12,0.08284023404121399,0.5,-14.076030731201172,-1.381722092628479,-49.12902069091797,2.0
tool,256,13,0.08579881489276886,0.5,-15.138202667236328,-1.373530387878418,-43.82221221923828,2.0
tool,256,14,0.10613905638456345,0.5,-15.647079467773438,-1.327741265296936,-51.17015838623047,2.0
tool,256,15,0.1708579808473587,0.5,-16.763408660888672,-1.1027520895004272,-47.655879974365234,2.0
tool,256,16,0.2463017702102661,0.5,-17.946022033691406,-0.8911725282669067,-82.21176147460938,2.0
tool,256,17,0.4034763276576996,0.5,-9.103179931640625,-0.28611651062965393,-19.789533615112305,2.0
tool,256,18,0.4411982297897339,0.5,-15.985557556152344,-0.1903938353061676,296.3715515136719,2.0
tool,256,19,0.4663461446762085,0.5,-15.19927978515625,-0.129285991191864,-90.89873504638672,2.0
tool,256,20,0.49334320425987244,0.5192307233810425,-9.394577026367188,-0.053239479660987854,56.57979202270508,2.0
tool,256,21,0.47633135318756104,0.4711538553237915,-23.236480712890625,-0.11132612824440002,101.00216674804688,2.0
tool,256,22,0.4752219021320343,0.5,-29.475234985351562,-0.10964769124984741,119.1197509765625,2.0
tool,256,23,0.4759615361690521,0.49038463830947876,-35.04484558105469,-0.12436023354530334,104.58349609375,2.0
all,0,0,0.0,0.5,-2.0018391609191895,-2.5972979068756104,-0.5664442181587219,2.0
all,0,1,0.0,0.5,-3.484252452850342,-2.6038992404937744,-0.361164927482605,2.0
all,0,2,0.0,0.4967948794364929,-5.3819475173950195,-2.7449631690979004,-0.8296911716461182,2.0
all,0,3,0.0,0.49839743971824646,-6.394959449768066,-2.7358739376068115,-1.3720097541809082,2.0
all,0,4,0.005115877836942673,0.49839743971824646,-4.616287708282471,-2.379258871078491,-2.37453556060791,2.0
all,0,5,0.18201430141925812,0.5,-3.1331748962402344,-1.503910779953003,-4.2903971672058105,2.0
all,0,6,1.0,1.0,80.61808776855469,2.8102002143859863,-39.545555114746094,2.0
all,0,7,1.0,1.0,41274.47265625,2.85749888420105,-19335.43359375,2.0
all,0,8,1.0,1.0,41269.375,2.85749888420105,-19339.6328125,2.0
all,0,9,1.0,1.0,41523.79296875,2.857501983642578,-19471.177734375,2.0
all,0,10,1.0,1.0,41093.40234375,2.8574955463409424,-19371.109375,2.0
all,0,11,1.0,1.0,41117.15234375,2.8574953079223633,-19399.81640625,2.0
all,0,12,1.0,1.0,41114.98828125,2.8574941158294678,-19407.2421875,2.0
all,0,13,1.0,1.0,41118.82421875,2.857492685317993,-19412.376953125,2.0
all,0,14,1.0,1.0,41108.6328125,2.8574917316436768,-19416.82421875,2.0
all,0,15,1.0,1.0,41115.7734375,2.8574931621551514,-19399.91796875,2.0
all,0,16,1.0,1.0,41106.76953125,2.8574907779693604,-19403.232421875,2.0
all,0,17,1.0,1.0,41075.546875,2.857487916946411,-19397.751953125,2.0
all,0,18,0.9590113162994385,0.9711538553237915,1108.0087890625,2.5875909328460693,-245.10328674316406,2.0
all,0,19,0.9826183319091797,0.9743589162826538,1218.0086669921875,2.628020763397217,-193.02035522460938,2.0
all,0,20,0.9836045503616333,0.9551281929016113,967.5303344726562,2.4054858684539795,-301.8779296875,2.0
all,0,21,0.9854536652565002,0.9342948794364929,996.8740234375,2.2312099933624268,-235.32681274414062,2.0
all,0,22,0.9754684567451477,0.8926281929016113,917.7945556640625,2.080240249633789,-231.87557983398438,2.0
all,0,23,0.9588264226913452,0.8557692766189575,839.3306884765625,1.939138412475586,-258.2783203125,2.0
all,8,0,0.0,0.5,-2.0022599697113037,-2.7232744693756104,-0.266345351934433,2.0
all,8,1,0.012820512987673283,0.5,-3.7760047912597656,-2.4780468940734863,-0.441694051027298,2.0
all,8,2,0.001109467470087111,0.5,-5.325597763061523,-2.5709073543548584,-1.1299433708190918,2.0
all,8,3,0.0006163708167150617,0.5,-6.632220268249512,-2.542983055114746,-1.3868610858917236,2.0
all,8,4,6.163708167150617e-05,0.4759615361690521,-8.618690490722656,-2.536397695541382,-1.3595714569091797,2.0
all,8,5,0.000739644980058074,0.5,-9.938691139221191,-2.556215763092041,-2.0900814533233643,2.0
all,8,6,0.0022805719636380672,0.4951923191547394,-10.974945068359375,-2.48205304145813,-4.033860206604004,2.0
all,8,7,0.0015409269835799932,0.49839743971824646,-12.244688987731934,-2.392610788345337,-8.925155639648438,2.0
all,8,8,0.004376232624053955,0.49839743971824646,-11.877638816833496,-2.0242412090301514,-32.583675384521484,2.0
all,8,9,0.02206607535481453,0.4967948794364929,-12.847387313842773,-1.6137752532958984,-45.81548309326172,2.0
all,8,10,0.06120562180876732,0.4967948794364929,-13.795516967773438,-1.1963080167770386,-80.28507995605469,2.0
all,8,11,0.09017504751682281,0.4951923191547394,-15.027236938476562,-1.0150808095932007,-89.74656677246094,2.0
all,8,12,0.08844920992851257,0.4951923191547394,-16.566301345825195,-0.9123439192771912,-111.97125244140625,2.0
all,8,13,0.1355399340391159,0.4951923191547394,-17.337915420532227,-0.9541985392570496,-89.79021453857422,2.0
all,8,14,0.13664941489696503,0.4951923191547394,-17.358049392700195,-0.8314573764801025,-121.43388366699219,2.0
all,8,15,0.16820760071277618,0.4951923191547394,-15.706117630004883,-0.7864444851875305,-99.58060455322266,2.0
all,8,16,0.22479043900966644,0.4951923191547394,-17.91522216796875,-0.6244117617607117,-170.36868286132812,2.0
all,8,17,0.4863165616989136,0.5016025304794312,-5.3502044677734375,-0.12723931670188904,32.9495849609375,2.0
all,8,18,0.4805843234062195,0.5272436141967773,-16.07763671875,-0.13571952283382416,11.339339256286621,2.0
all,8,19,0.5330991148948669,0.49839743971824646,-2.0134429931640625,-0.010837376117706299,-103.2923583984375,2.0
all,8,20,0.5175049304962158,0.49358975887298584,2.9861907958984375,0.011650193482637405,-251.540283203125,2.0
all,8,21,0.5289077758789062,0.48076921701431274,17.026016235351562,0.05698377639055252,-288.9324645996094,2.0
all,8,22,0.5208333134651184,0.4919871985912323,9.420989990234375,0.027915993705391884,-388.3751220703125,2.0
all,8,23,0.5158407092094421,0.5560897588729858,7.0896148681640625,0.01868114247918129,-197.48190307617188,2.0
all,32,0,0.0,0.5,-2.0023820400238037,-2.7655961513519287,-0.1682266891002655,2.0
all,32,1,0.0,0.48237180709838867,-3.838651180267334,-2.6929049491882324,-0.288605660200119,2.0
all,32,2,0.0,0.5,-5.378240585327148,-2.656205415725708,-0.9454556703567505,2.0
all,32,3,0.00856755394488573,0.5,-6.57072639465332,-2.4870386123657227,-0.8073908090591431,2.0
all,32,4,0.0009245562250725925,0.49839743971824646,-8.43678092956543,-2.4887869358062744,-1.4546456336975098,2.0
all,32,5,0.00030818540835753083,0.5,-9.994376182556152,-2.55031418800354,-1.1389832496643066,2.0
all,32,6,0.000369822490029037,0.5,-11.092092514038086,-2.553248405456543,-3.4457788467407227,2.0
all,32,7,0.0,0.49038460850715637,-12.656519889831543,-2.2596938610076904,-5.72639274597168,2.0
all,32,8,0.017196744680404663,0.5,-11.833999633789062,-2.0523505210876465,-18.1534423828125,2.0
all,32,9,0.060589250177145004,0.5,-12.423444747924805,-1.7313406467437744,-45.95642852783203,2.0
all,32,10,0.0771079882979393,0.5,-13.399127006530762,-1.5204870700836182,-101.8782958984375,2.0
all,32,11,0.09196252375841141,0.5,-14.302206993103027,-1.498174786567688,-135.44317626953125,2.0
all,32,12,0.12814348936080933,0.5,-15.358150482177734,-1.321563720703125,-161.73048400878906,2.0
all,32,13,0.13856016099452972,0.5,-17.193466186523438,-1.2487753629684448,-136.75030517578125,2.0
all,32,14,0.14071746170520782,0.5,-18.512046813964844,-1.1760060787200928,-169.4293212890625,2.0
all,32,15,0.17585058510303497,0.5,-18.287635803222656,-1.117714285850525,-148.35292053222656,2.0
all,32,16,0.2338510900735855,0.5,-20.0699462890625,-0.9056928753852844,-244.18264770507812,2.0
all,32,17,0.3786982297897339,0.4839743375778198,-16.80817413330078,-0.4456947147846222,157.6271514892578,2.0
all,32,18,0.4040926992893219,0.5016025900840759,-28.379714965820312,-0.32532036304473877,369.41424560546875,2.0
all,32,19,0.41802269220352173,0.5,-41.447235107421875,-0.2611949145793915,757.8497314453125,2.0
all,32,20,0.4189472496509552,0.5,-61.96983337402344,-0.2615286707878113,996.982177734375,2.0
all,32,21,0.42800790071487427,0.5,-69.92996215820312,-0.23910383880138397,-320.06280517578125,2.0
all,32,22,0.4281311631202698,0.49839743971824646,-81.91445922851562,-0.23556318879127502,-431.0221862792969,2.0
all,32,23,0.42640531063079834,0.495192289352417,-95.0797119140625,-0.24839693307876587,1409.49755859375,2.0
all,128,0,0.0,0.5,-2.0021440982818604,-2.768085241317749,-0.31134921312332153,2.0
all,128,1,0.0,0.5,-3.8613336086273193,-2.7688469886779785,-0.2173040509223938,2.0
all,128,2,0.0,0.5,-5.364771842956543,-2.7200794219970703,-1.1831905841827393,2.0
all,128,3,0.0,0.4967948794364929,-6.582644462585449,-2.689553737640381,-1.5937702655792236,2.0
all,128,4,0.0,0.5,-8.387022018432617,-2.711045980453491,-2.496687889099121,2.0
all,128,5,0.0,0.5,-9.79254150390625,-2.687713623046875,-1.931642770767212,2.0
all,128,6,0.0,0.5,-10.94057559967041,-2.5744264125823975,-2.5506362915039062,2.0
all,128,7,0.027366863563656807,0.49038460850715637,-12.110877990722656,-2.1975533962249756,-5.523780822753906,2.0
all,128,8,0.054240632802248,0.5,-11.515960693359375,-1.9028271436691284,-8.950078964233398,2.0
all,128,9,0.08814102411270142,0.5,-12.203691482543945,-1.6223870515823364,-19.232114791870117,2.0
all,128,10,0.10885108262300491,0.49839743971824646,-13.028778076171875,-1.4475845098495483,-16.50896453857422,2.0
all,128,11,0.11569280177354813,0.4967948794364929,-14.026920318603516,-1.4091380834579468,-11.857726097106934,2.0
all,128,12,0.10977564007043839,0.4951923191547394,-15.360713958740234,-1.388525366783142,-6.00119686126709,2.0
all,128,13,0.11143983900547028,0.49839743971824646,-16.859378814697266,-1.4077163934707642,-16.212207794189453,2.0
all,128,14,0.10472139716148376,0.49839743971824646,-17.83928680419922,-1.3466839790344238,3.7430977821350098,2.0
all,128,15,0.17165927588939667,0.49839743971824646,-18.06338882446289,-1.114144206047058,-24.021610260009766,2.0
all,128,16,0.23212525248527527,0.49839743971824646,-19.443153381347656,-0.8288183808326721,-47.362396240234375,2.0
all,128,17,0.354659765958786,0.49839743971824646,-14.923583984375,-0.4221513867378235,-78.26564025878906,2.0
all,128,18,0.411304235458374,0.48237180709838867,-24.8251953125,-0.3071920871734619,294.92095947265625,2.0
all,128,19,0.4330621361732483,0.4919871985912323,-32.39036560058594,-0.23312604427337646,450.8853454589844,2.0
all,128,20,0.4473002851009369,0.4759615361690521,-34.85023498535156,-0.16815221309661865,543.3209228515625,2.0
all,128,21,0.4392874836921692,0.4839743673801422,-46.96342468261719,-0.18936581909656525,696.417236328125,2.0
all,128,22,0.4329388439655304,0.4871794879436493,-60.24736022949219,-0.19628296792507172,693.7327880859375,2.0
all,128,23,0.43552762269973755,0.48557692766189575,-62.8399658203125,-0.18911263346672058,729.580078125,2.0
all,256,0,0.0,0.48076921701431274,-2.002411127090454,-2.6724488735198975,-0.18711528182029724,2.0
all,256,1,0.0,0.5,-3.9102892875671387,-2.7429423332214355,-0.2537091076374054,2.0
all,256,2,0.0,0.5,-5.39205265045166,-2.7314257621765137,-1.1576759815216064,2.0
all,256,3,0.0,0.5,-6.540211200714111,-2.722050666809082,-1.4228408336639404,2.0
all,256,4,0.0,0.49038460850715637,-8.33808422088623,-2.6241371631622314,-0.886186420917511,2.0
all,256,5,0.0,0.5,-9.788152694702148,-2.6323652267456055,-0.6807827949523926,2.0
all,256,6,0.0,0.5,-10.923014640808105,-2.5979838371276855,-0.46166136860847473,2.0
all,256,7,0.0,0.5,-12.375337600708008,-2.4623494148254395,-9.408537864685059,2.0
all,256,8,0.005547337234020233,0.5,-11.781805038452148,-2.2931816577911377,-9.26655387878418,2.0
all,256,9,0.04739891365170479,0.5,-12.189760208129883,-1.9878993034362793,-20.12594223022461,2.0
all,256,10,0.06730769574642181,0.5,-12.367378234863281,-1.8325495719909668,-57.5618896484375,2.0
all,256,11,0.0769847109913826,0.5,-13.258477210998535,-1.6669390201568604,-70.7614974975586,2.0
all,256,12,0.07741617411375046,0.5,-14.737554550170898,-1.614939570426941,-77.42404174804688,2.0
all,256,13,0.07945019751787186,0.5,-16.149242401123047,-1.560695767402649,-61.84880065917969,2.0
all,256,14,0.09251725673675537,0.5,-16.851322174072266,-1.502694845199585,-73.90825653076172,2.0
all,256,15,0.16444772481918335,0.5,-17.257381439208984,-1.129168152809143,-82.13774871826172,2.0
all,256,16,0.2548076808452606,0.5,-16.77767562866211,-0.8664306402206421,-141.35296630859375,2.0
all,256,17,0.40532544255256653,0.5,-10.622055053710938,-0.3123360574245453,-137.02899169921875,2.0
all,256,18,0.43207594752311707,0.49038460850715637,-20.585769653320312,-0.23052191734313965,282.9482421875,2.0
all,256,19,0.43971893191337585,0.5032051205635071,-23.591400146484375,-0.1897246241569519,457.8149719238281,2.0
all,256,20,0.4812006950378418,0.4967948794364929,-15.112197875976562,-0.07928723841905594,-73.41376495361328,2.0
all,256,21,0.4719551205635071,0.46794870495796204,-24.302764892578125,-0.10915801674127579,84.54827880859375,2.0
all,256,22,0.47503697872161865,0.4871794879436493,-29.2359619140625,-0.10246570408344269,723.78125,2.0
all,256,23,0.47540679574012756,0.46955129504203796,-32.015045166015625,-0.10673782974481583,102.83425903320312,2.0
