role,offset,layer,auroc,balanced_accuracy,mean_gap,standardized_gap,threshold
system,0,0,0.5,0.5,0.0,0.0,-0.5664442181587219
system,0,1,0.7178254723548889,0.6634615659713745,0.4313696622848511,0.80528324842453,0.78843092918396
system,0,2,0.6464496850967407,0.6057692170143127,0.28338050842285156,0.5313302278518677,-0.4025764763355255
system,0,3,0.8088017702102661,0.7884615659713745,0.892230212688446,1.080702781677246,0.18216083943843842
system,0,4,1.0,0.990384578704834,3.9068362712860107,1.7260581254959106,-1.6797993183135986
system,0,5,1.0,1.0,7.249197959899902,1.7441543340682983,-1.61130952835083
system,0,6,1.0,1.0,86.78965759277344,1.9596927165985107,-42.28410720825195
system,0,7,1.0,1.0,41182.359375,1.9997111558914185,-19973.056640625
system,0,8,1.0,1.0,41177.328125,1.999711036682129,-19974.341796875
system,0,9,1.0,1.0,41432.46875,1.999714732170105,-20103.251953125
system,0,10,1.0,1.0,41007.0546875,1.9997020959854126,-19873.630859375
system,0,11,1.0,1.0,41034.62890625,1.99970281124115,-19884.93359375
system,0,12,1.0,1.0,41032.0,1.9997024536132812,-19889.845703125
system,0,13,1.0,1.0,41040.92578125,1.9997026920318604,-19883.619140625
system,0,14,1.0,1.0,41030.66015625,1.9997024536132812,-19887.162109375
system,0,15,1.0,1.0,41033.9765625,1.9997020959854126,-19879.07421875
system,0,16,1.0,1.0,41027.4453125,1.9997018575668335,-19877.201171875
system,0,17,1.0,1.0,40962.8125,1.9996992349624634,-19909.30859375
system,0,18,0.956360936164856,0.9711538553237915,1026.34765625,1.7003912925720215,-246.38536071777344
system,0,19,0.9807692170143127,0.9615384340286255,1169.05810546875,1.8039796352386475,-315.0892333984375
system,0,20,0.9796597361564636,0.9519230723381042,902.4647216796875,1.74532151222229,-292.49365234375
system,0,21,0.9752218723297119,0.942307710647583,946.4498901367188,1.6372452974319458,-220.053466796875
system,0,22,0.9663461446762085,0.932692289352417,880.5543212890625,1.5837684869766235,-119.14878845214844
system,0,23,0.9541420340538025,0.875,813.1566162109375,1.5198025703430176,-139.08216857910156
system,8,0,0.5,0.5,0.0,0.0,-0.266345351934433
system,8,1,0.5636094808578491,0.5480769276618958,0.12284523248672485,0.15703541040420532,0.408048540353775
system,8,2,0.5255177617073059,0.5288461446762085,0.06720763444900513,0.07250547409057617,-0.19286485016345978
system,8,3,0.5399408340454102,0.557692289352417,0.2104707956314087,0.1711728423833847,0.26614946126937866
system,8,4,0.5092455744743347,0.48076924681663513,0.060396671295166016,0.03883519396185875,0.32974955439567566
system,8,5,0.5262573957443237,0.5288461446762085,0.18327856063842773,0.10217685252428055,2.196878433227539
system,8,6,0.5414201021194458,0.557692289352417,0.2503955364227295,0.11344146728515625,2.5605874061584473
system,8,7,0.5747041702270508,0.567307710647583,0.48467111587524414,0.18021035194396973,4.567294120788574
system,8,8,0.5883875489234924,0.5480769276618958,0.46596860885620117,0.12471304833889008,4.630228042602539
system,8,9,0.5473372936248779,0.5480769276618958,-0.1942768096923828,-0.028540531173348427,3.2133164405822754
system,8,10,0.5258875489234924,0.5288461446762085,-1.2534375190734863,-0.11453237384557724,6.4993672370910645
system,8,11,0.5118343234062195,0.5480769276618958,-2.139641284942627,-0.15232068300247192,10.537885665893555
system,8,12,0.5380917191505432,0.5480769276618958,-2.3903770446777344,-0.13914534449577332,10.632442474365234
system,8,13,0.5133135914802551,0.5192307829856873,-2.758556365966797,-0.16267210245132446,20.592975616455078
system,8,14,0.5321745276451111,0.5480769276618958,-2.234543800354004,-0.11282086372375488,22.99515151977539
system,8,15,0.5458579659461975,0.557692289352417,-0.7766590118408203,-0.041072506457567215,35.02989959716797
system,8,16,0.5129438042640686,0.5288461446762085,-2.778371810913086,-0.10291246324777603,38.86127471923828
system,8,17,0.6549556255340576,0.6153846383094788,11.287235260009766,0.2586131691932678,36.742034912109375
system,8,18,0.5477070808410645,0.557692289352417,4.956260681152344,0.040404900908470154,-11.879314422607422
system,8,19,0.5758135914802551,0.5769230723381042,33.38115692138672,0.16856098175048828,-30.403079986572266
system,8,20,0.5480769276618958,0.567307710647583,36.762107849121094,0.1345454305410385,31.388893127441406
system,8,21,0.5654585957527161,0.5769230723381042,55.12834167480469,0.171427384018898,62.37638854980469
system,8,22,0.5588017702102661,0.5384615659713745,57.53416442871094,0.15970797836780548,-134.60269165039062
system,8,23,0.5628698468208313,0.5769230723381042,66.10963439941406,0.16309262812137604,-2.9356613159179688
system,32,0,0.5,0.5,0.0,0.0,-0.1682266891002655
system,32,1,0.5392012000083923,0.5288461446762085,0.054142773151397705,0.11130428314208984,0.3144756257534027
system,32,2,0.5107248425483704,0.5192307829856873,0.024425595998764038,0.03251797333359718,0.07327120006084442
system,32,3,0.518860936164856,0.5384615659713745,0.05672883987426758,0.04444323480129242,0.9902389049530029
system,32,4,0.5007396340370178,0.5480769276618958,-0.026988625526428223,-0.016148380935192108,1.6608266830444336
system,32,5,0.5044378638267517,0.5,0.0015819072723388672,0.00087973743211478,1.4884154796600342
system,32,6,0.5136834383010864,0.5288461446762085,0.022726774215698242,0.012196414172649384,3.1392807960510254
system,32,7,0.5122041702270508,0.5192307829856873,-0.19773101806640625,-0.0644417256116867,6.056612014770508
system,32,8,0.48039939999580383,0.5096153616905212,-0.33658695220947266,-0.0888221487402916,8.816513061523438
system,32,9,0.4755917191505432,0.5,-0.7084364891052246,-0.13978992402553558,18.413219451904297
system,32,10,0.4700443744659424,0.48076921701431274,-0.9800353050231934,-0.14570485055446625,10.322395324707031
system,32,11,0.4874260425567627,0.5096153616905212,-0.6305484771728516,-0.0880630686879158,21.89888572692871
system,32,12,0.5077662467956543,0.5,-0.4174213409423828,-0.04520351067185402,18.23417854309082
system,32,13,0.48853549361228943,0.5,-1.3598041534423828,-0.12529543042182922,39.87284469604492
system,32,14,0.4748520851135254,0.5,-1.6321887969970703,-0.13037222623825073,32.37265396118164
system,32,15,0.44008874893188477,0.5,-2.6392974853515625,-0.2023308128118515,50.770851135253906
system,32,16,0.4371301829814911,0.49038463830947876,-3.3167953491210938,-0.16797256469726562,69.13198852539062
system,32,17,0.48446744680404663,0.4711538553237915,0.7452850341796875,0.020334769040346146,80.16558837890625
system,32,18,0.4537721872329712,0.49038460850715637,-9.913734436035156,-0.1146840825676918,291.6318359375
system,32,19,0.4452662765979767,0.5288461446762085,-18.837600708007812,-0.11978909373283386,-28.096031188964844
system,32,20,0.4534023702144623,0.5,-29.692062377929688,-0.12488848716020584,-351.021240234375
system,32,21,0.45229288935661316,0.48076924681663513,-35.720245361328125,-0.11880873888731003,-10.931892395019531
system,32,22,0.45710060000419617,0.5,-45.301300048828125,-0.1268637776374817,-429.00958251953125
system,32,23,0.454511821269989,0.5,-53.777923583984375,-0.1368698626756668,-432.52294921875
system,128,0,0.5,0.5,0.0,0.0,-0.31134921312332153
system,128,1,0.5007396340370178,0.5,0.00032335519790649414,0.0009310502791777253,0.3738168179988861
system,128,2,0.5014792680740356,0.49038463830947876,0.0054267048835754395,0.008955494500696659,0.24943622946739197
system,128,3,0.5025887489318848,0.5096153616905212,0.020644783973693848,0.025471169501543045,0.22046422958374023
system,128,4,0.5025887489318848,0.49038463830947876,0.011891841888427734,0.012780535966157913,1.5615005493164062
system,128,5,0.5136834383010864,0.48076921701431274,0.04032564163208008,0.033409036695957184,1.6727445125579834
system,128,6,0.5173816680908203,0.5192307829856873,0.08797883987426758,0.04826978221535683,4.155862808227539
system,128,7,0.5,0.5,0.051607608795166016,0.013714729808270931,5.8421101570129395
system,128,8,0.496671587228775,0.49038463830947876,-0.05037498474121094,-0.011114743538200855,9.006145477294922
system,128,9,0.4881656765937805,0.48076921701431274,-0.35192298889160156,-0.05717846751213074,7.184055805206299
system,128,10,0.482988178730011,0.45192310214042664,-0.6070728302001953,-0.08147341758012772,3.913691520690918
system,128,11,0.496671587228775,0.49038463830947876,-0.49558067321777344,-0.059623148292303085,18.91550064086914
system,128,12,0.4963017702102661,0.5192307829856873,-0.40415382385253906,-0.04325195029377937,23.737668991088867
system,128,13,0.4863165616989136,0.5384615659713745,-0.8331089019775391,-0.08274529874324799,36.83415222167969
system,128,14,0.48483726382255554,0.48076921701431274,-0.74420166015625,-0.06697344034910202,29.43263816833496
system,128,15,0.4497041404247284,0.5096153616905212,-2.8753585815429688,-0.19759517908096313,64.62260437011719
system,128,16,0.459319531917572,0.509615421295166,-2.792987823486328,-0.12650908529758453,54.240196228027344
system,128,17,0.4626479148864746,0.509615421295166,-1.8945465087890625,-0.05581105500459671,44.91364288330078
system,128,18,0.44008874893188477,0.5,-15.864715576171875,-0.19931253790855408,-72.40034484863281
system,128,19,0.459319531917572,0.5,-24.979324340820312,-0.18812215328216553,31.085342407226562
system,128,20,0.44859468936920166,0.5,-39.9383544921875,-0.2057974487543106,19.41839027404785
system,128,21,0.43602070212364197,0.46153849363327026,-58.18315124511719,-0.2509617209434509,37.58306884765625
system,128,22,0.42677515745162964,0.5,-79.29452514648438,-0.2767697274684906,-233.19630432128906
system,128,23,0.4282544255256653,0.48076924681663513,-89.69842529296875,-0.28627943992614746,-366.3829040527344
system,256,0,0.5,0.5,0.0,0.0,-0.18711528182029724
system,256,1,0.5003698468208313,0.5,-0.0004253387451171875,-0.0010587874567136168,0.3072158694267273
system,256,2,0.496671587228775,0.5,-0.0031862258911132812,-0.005558194126933813,0.2893826961517334
system,256,3,0.5151627063751221,0.5096153616905212,0.025691628456115723,0.03607441857457161,0.40607112646102905
system,256,4,0.5025887489318848,0.509615421295166,0.0222395658493042,0.018006645143032074,0.6300053596496582
system,256,5,0.5088757276535034,0.49038460850715637,0.0033447742462158203,0.002286131028085947,4.9387054443359375
system,256,6,0.49852070212364197,0.49038463830947876,-0.007393360137939453,-0.004326480440795422,5.723105430603027
system,256,7,0.4959319531917572,0.5,-0.042571067810058594,-0.017133940011262894,8.53768253326416
system,256,8,0.5070266127586365,0.5192307829856873,0.08254289627075195,0.027556346729397774,10.385757446289062
system,256,9,0.48557692766189575,0.49038460850715637,-0.2921590805053711,-0.06976491212844849,11.659260749816895
system,256,10,0.5011094808578491,0.509615421295166,-0.14972877502441406,-0.029820095747709274,12.960774421691895
system,256,11,0.4948224723339081,0.46153849363327026,-0.23259639739990234,-0.03644418343901634,18.75067901611328
system,256,12,0.514053225517273,0.509615421295166,-0.17556381225585938,-0.022935952991247177,27.158504486083984
system,256,13,0.5014792680740356,0.5,-0.36254310607910156,-0.04358029365539551,37.6912956237793
system,256,14,0.5181213021278381,0.5288461446762085,-0.0418243408203125,-0.004282331094145775,40.62721252441406
system,256,15,0.46523669362068176,0.48076924681663513,-2.4657020568847656,-0.17849726974964142,50.46586608886719
system,256,16,0.48150888085365295,0.5096153616905212,-1.6014442443847656,-0.08339344710111618,59.33050537109375
system,256,17,0.4955621361732483,0.5,-1.548248291015625,-0.045596349984407425,88.40142822265625
system,256,18,0.4334319531917572,0.49038463830947876,-16.91478729248047,-0.2011585682630539,137.07662963867188
system,256,19,0.45266273617744446,0.49038463830947876,-17.088027954101562,-0.1477118581533432,269.7001953125
system,256,20,0.4840976297855377,0.48076921701431274,-17.63471221923828,-0.09972236305475235,-82.06425476074219
system,256,21,0.47781065106391907,0.509615421295166,-20.533767700195312,-0.10220479220151901,-15.25096607208252
system,256,22,0.48113906383514404,0.48076921701431274,-30.611984252929688,-0.11574064195156097,-38.49699020385742
system,256,23,0.4659763276576996,0.48076924681663513,-40.91326904296875,-0.14759565889835358,-191.83184814453125
developer,0,0,0.5,0.5,0.0,0.0,-0.5664442181587219
developer,0,1,0.7193047404289246,0.6634615659713745,0.4004095792770386,0.7923116683959961,0.3477822542190552
developer,0,2,0.5883875489234924,0.5961538553237915,0.1921374499797821,0.3669566214084625,-0.4346991181373596
developer,0,3,0.8775887489318848,0.7980769276618958,1.0945287942886353,1.2828775644302368,-0.18524184823036194
developer,0,4,1.0,0.990384578704834,4.008382320404053,1.7482757568359375,-1.6794451475143433
developer,0,5,1.0,1.0,7.776664733886719,1.7721844911575317,-1.4691517353057861
developer,0,6,1.0,1.0,90.70157623291016,1.9662405252456665,-35.80236053466797
developer,0,7,1.0,1.0,41183.70703125,1.999711275100708,-19970.0859375
developer,0,8,1.0,1.0,41177.45703125,1.999711275100708,-19972.369140625
developer,0,9,1.0,1.0,41433.0078125,1.999714970588684,-20101.634765625
developer,0,10,1.0,1.0,41011.29296875,1.9997023344039917,-19869.337890625
developer,0,11,1.0,1.0,41040.78515625,1.999703049659729,-19881.19140625
developer,0,12,1.0,1.0,41042.99609375,1.9997029304504395,-19885.087890625
developer,0,13,1.0,1.0,41045.28125,1.9997029304504395,-19882.314453125
developer,0,14,1.0,1.0,41038.80078125,1.9997029304504395,-19880.73046875
developer,0,15,1.0,1.0,41036.92578125,1.9997020959854126,-19874.568359375
developer,0,16,1.0,1.0,41032.1328125,1.9997022151947021,-19870.40234375
developer,0,17,1.0,1.0,40990.48828125,1.9997011423110962,-19882.7578125
developer,0,18,0.959319531917572,0.9711538553237915,1063.78466796875,1.7183728218078613,-208.52017211914062
developer,0,19,0.9822485446929932,0.9711538553237915,1207.9407958984375,1.814988613128662,-321.2589111328125
developer,0,20,0.9815088510513306,0.942307710647583,942.219482421875,1.7605631351470947,-196.28494262695312
developer,0,21,0.9807692170143127,0.942307710647583,966.625,1.6428565979003906,-219.40875244140625
developer,0,22,0.9630177617073059,0.8942307233810425,877.9903564453125,1.5685919523239136,-221.38250732421875
developer,0,23,0.9397189617156982,0.8365384340286255,804.805908203125,1.5002506971359253,-262.769775390625
developer,8,0,0.5,0.5,0.0,0.0,-0.266345351934433
developer,8,1,0.5588017702102661,0.5288461446762085,0.10979735851287842,0.1406930834054947,0.32238268852233887
developer,8,2,0.5203402638435364,0.5192307829856873,0.05325859785079956,0.05734938383102417,-0.24596378207206726
developer,8,3,0.5499260425567627,0.567307710647583,0.23659861087799072,0.19049111008644104,0.1888531744480133
developer,8,4,0.4922337234020233,0.4711538553237915,-0.01036214828491211,-0.006595177110284567,0.33234506845474243
developer,8,5,0.5177514553070068,0.5192307829856873,0.15249347686767578,0.0852617621421814,2.1357574462890625
developer,8,6,0.5625,0.567307710647583,0.4183540344238281,0.18671093881130219,2.565622329711914
developer,8,7,0.5883875489234924,0.5865384340286255,0.596224308013916,0.22140850126743317,5.318389415740967
developer,8,8,0.6242603659629822,0.5961538553237915,0.8840072154998779,0.23501458764076233,4.650478839874268
developer,8,9,0.5465976595878601,0.5384615659713745,0.1502063274383545,0.026012739166617393,3.2155117988586426
developer,8,10,0.5625,0.5480769276618958,-0.2772500514984131,-0.028769923374056816,6.190047264099121
developer,8,11,0.5469674468040466,0.5288461446762085,-1.2764921188354492,-0.08630721271038055,10.211732864379883
developer,8,12,0.5754438042640686,0.567307710647583,-1.435978889465332,-0.08143281936645508,11.86659049987793
developer,8,13,0.5743343234062195,0.567307710647583,-1.0026664733886719,-0.05700060725212097,20.7556209564209
developer,8,14,0.6301774978637695,0.5865384936332703,0.4782142639160156,0.02335837110877037,24.284543991088867
developer,8,15,0.6553254723548889,0.634615421295166,1.999237060546875,0.10068845748901367,35.29009246826172
developer,8,16,0.5362426042556763,0.48076921701431274,-1.8639049530029297,-0.06639108806848526,26.01390266418457
developer,8,17,0.6745561957359314,0.6057692766189575,12.728355407714844,0.2877289354801178,43.03409957885742
developer,8,18,0.5514053106307983,0.5480769276618958,9.329246520996094,0.07760018110275269,17.11103057861328
developer,8,19,0.5791420340538025,0.567307710647583,36.67853546142578,0.18662510812282562,111.03854370117188
developer,8,20,0.5473372936248779,0.557692289352417,36.978431701660156,0.1375247985124588,-0.6619793176651001
developer,8,21,0.55584317445755,0.5384615659713745,54.55278015136719,0.17154738306999207,136.90444946289062
developer,8,22,0.5495561957359314,0.5288461446762085,54.31147766113281,0.1524864137172699,133.887939453125
developer,8,23,0.5432692170143127,0.5384615659713745,53.91069030761719,0.1340724229812622,-42.33098220825195
developer,32,0,0.5,0.5,0.0,0.0,-0.1682266891002655
developer,32,1,0.5336538553237915,0.5288461446762085,0.04672366380691528,0.09589383006095886,0.3140557110309601
developer,32,2,0.5125739574432373,0.5192307829856873,0.029102295637130737,0.038524553179740906,0.2103147804737091
developer,32,3,0.5281065106391907,0.557692289352417,0.08790159225463867,0.06903763860464096,0.99186110496521
developer,32,4,0.5025887489318848,0.5480769276618958,-0.0069152116775512695,-0.004139723256230354,1.6627475023269653
developer,32,5,0.4955621361732483,0.49038463830947876,-0.022397279739379883,-0.01245177909731865,2.2813820838928223
developer,32,6,0.5207100510597229,0.5480769276618958,0.05473041534423828,0.029565416276454926,3.136906623840332
developer,32,7,0.5310651063919067,0.5288461446762085,-0.05287599563598633,-0.0167729202657938,6.487888336181641
developer,32,8,0.5055473446846008,0.5288461446762085,-0.09881162643432617,-0.026454493403434753,8.80272102355957
developer,32,9,0.48483726382255554,0.48076924681663513,-0.5621848106384277,-0.11152765899896622,7.734562397003174
developer,32,10,0.48113906383514404,0.4711538553237915,-0.7474212646484375,-0.11300830543041229,9.630824089050293
developer,32,11,0.5073964595794678,0.5192307829856873,-0.3021240234375,-0.04254508391022682,22.038684844970703
developer,32,12,0.528476357460022,0.5096153616905212,0.178253173828125,0.019813260063529015,18.25257682800293
developer,32,13,0.4996301829814911,0.509615421295166,-0.806243896484375,-0.07548343390226364,40.210899353027344
developer,32,14,0.49778106808662415,0.49038460850715637,-0.6867942810058594,-0.05638889595866203,31.941635131835938
developer,32,15,0.45636093616485596,0.5096153616905212,-1.9876213073730469,-0.14949780702590942,52.63267517089844
developer,32,16,0.4363905191421509,0.48076924681663513,-4.540424346923828,-0.2182675302028656,66.99178314208984
developer,32,17,0.4959319531917572,0.49038460850715637,0.12457275390625,0.0032025219406932592,117.69402313232422
developer,32,18,0.46819525957107544,0.5096153616905212,-6.2837371826171875,-0.07372856140136719,-92.61712646484375
developer,32,19,0.4423076808452606,0.5384615063667297,-19.108596801757812,-0.12254557013511658,-40.74860382080078
developer,32,20,0.43934911489486694,0.5288461446762085,-39.0565185546875,-0.16924813389778137,-145.34674072265625
developer,32,21,0.4504437744617462,0.5096153616905212,-43.59904479980469,-0.14922434091567993,-349.35565185546875
developer,32,22,0.44859468936920166,0.5192307829856873,-52.578155517578125,-0.15203633904457092,-409.0941162109375
developer,32,23,0.4456360936164856,0.5096153616905212,-66.89675903320312,-0.17509043216705322,-432.4571533203125
developer,128,0,0.5,0.5,0.0,0.0,-0.31134921312332153
developer,128,1,0.5007396340370178,0.5,0.00032335519790649414,0.0009310502791777253,0.3738168179988861
developer,128,2,0.4988905191421509,0.49038463830947876,0.001215517520904541,0.0020035700872540474,0.24778175354003906
developer,128,3,0.5003698468208313,0.49038460850715637,0.01497495174407959,0.018490012735128403,0.8769328594207764
developer,128,4,0.5036982297897339,0.48076924681663513,0.017752528190612793,0.019142189994454384,1.550445556640625
developer,128,5,0.5151627063751221,0.48076921701431274,0.04223752021789551,0.03525961935520172,1.7056796550750732
developer,128,6,0.517011821269989,0.5,0.11792898178100586,0.06520260870456696,4.1536455154418945
developer,128,7,0.5133135914802551,0.5,0.26045989990234375,0.0700187161564827,5.919085502624512
developer,128,8,0.5107248425483704,0.509615421295166,0.09478425979614258,0.021033702418208122,10.36262321472168
developer,128,9,0.4870562255382538,0.509615421295166,-0.2805194854736328,-0.04638223722577095,14.458054542541504
developer,128,10,0.4866863787174225,0.5192307829856873,-0.41924190521240234,-0.05722418799996376,16.587697982788086
developer,128,11,0.5107248425483704,0.49038463830947876,-0.025096893310546875,-0.0030484881717711687,23.12993049621582
developer,128,12,0.5055473446846008,0.509615421295166,-0.1554279327392578,-0.016604885458946228,28.073474884033203
developer,128,13,0.49815088510513306,0.5288461446762085,-0.2599010467529297,-0.026365850120782852,36.158748626708984
developer,128,14,0.5011094808578491,0.4711538553237915,0.08284378051757812,0.007635378744453192,29.85108184814453
developer,128,15,0.457840234041214,0.49038463830947876,-2.430858612060547,-0.1682875156402588,51.728492736816406
developer,128,16,0.46412721276283264,0.509615421295166,-2.1313018798828125,-0.09969697147607803,54.65155029296875
developer,128,17,0.4663461446762085,0.5096153616905212,-4.0750579833984375,-0.11255785077810287,49.37451171875
developer,128,18,0.41937869787216187,0.48076924681663513,-22.049766540527344,-0.2760796844959259,256.1744384765625
developer,128,19,0.42751479148864746,0.5,-36.82948303222656,-0.27547189593315125,536.369873046875
developer,128,20,0.4245562255382538,0.5,-58.84173583984375,-0.3014741539955139,-464.92010498046875
developer,128,21,0.41457101702690125,0.49038460850715637,-75.06797790527344,-0.3204842209815979,-386.6385498046875
developer,128,22,0.40643492341041565,0.5,-98.56532287597656,-0.3432491421699524,-225.59909057617188
developer,128,23,0.40680474042892456,0.49038460850715637,-113.05471801757812,-0.36144956946372986,-376.1682434082031
developer,256,0,0.5,0.5,0.0,0.0,-0.18711528182029724
developer,256,1,0.5003698468208313,0.5,-0.0004253387451171875,-0.0010587874567136168,0.3072158694267273
developer,256,2,0.4955621361732483,0.49038460850715637,-0.005007028579711914,-0.008731493726372719,-0.12704628705978394
developer,256,3,0.5129438042640686,0.5096153616905212,0.026627779006958008,0.03738560527563095,0.3926149010658264
developer,256,4,0.5025887489318848,0.509615421295166,0.0063735246658325195,0.005193839780986309,0.6438019275665283
developer,256,5,0.5092455744743347,0.5,0.0018455982208251953,0.0012605388183146715,1.2809827327728271
developer,256,6,0.496671587228775,0.509615421295166,0.006531715393066406,0.0038277297280728817,5.595743179321289
developer,256,7,0.4996301829814911,0.5,0.014647483825683594,0.005906472448259592,8.961986541748047
developer,256,8,0.5092455744743347,0.5192307829856873,0.13225078582763672,0.04392033442854881,10.46006965637207
developer,256,9,0.4914940893650055,0.5288461446762085,-0.21277141571044922,-0.050512392073869705,14.218880653381348
developer,256,10,0.4959319531917572,0.48076921701431274,-0.2675752639770508,-0.05174030736088753,13.408209800720215
developer,256,11,0.4970414340496063,0.48076924681663513,-0.20453929901123047,-0.03223760053515434,18.63165855407715
developer,256,12,0.5096153616905212,0.5,-0.29612159729003906,-0.03901387378573418,26.398651123046875
developer,256,13,0.49408283829689026,0.5480769276618958,-0.5259609222412109,-0.06274843215942383,30.492252349853516
developer,256,14,0.5088757276535034,0.5,-0.27985572814941406,-0.028575332835316658,41.24644470214844
developer,256,15,0.4497041404247284,0.5,-2.9708824157714844,-0.21504205465316772,60.88182830810547
developer,256,16,0.48964497447013855,0.5192307829856873,-0.9124565124511719,-0.048057086765766144,65.91788482666016
developer,256,17,0.5036982297897339,0.5192307829856873,-0.32867431640625,-0.00980315450578928,87.97957611083984
developer,256,18,0.4338017702102661,0.49038463830947876,-18.000690460205078,-0.21341106295585632,136.8328094482422
developer,256,19,0.45673078298568726,0.49038463830947876,-18.5035400390625,-0.15752768516540527,265.1539001464844
developer,256,20,0.4833579957485199,0.4711538553237915,-19.527420043945312,-0.10792531073093414,-86.74076080322266
developer,256,21,0.47781065106391907,0.5192307829856873,-21.015090942382812,-0.10253485292196274,15.418052673339844
developer,256,22,0.46967455744743347,0.5,-37.65547180175781,-0.13993681967258453,10.74670124053955
developer,256,23,0.4615384638309479,0.4615384638309479,-45.344383239746094,-0.16104502975940704,-102.73323059082031
user,0,0,0.5,0.5,0.0,0.0,-0.5664442181587219
user,0,1,0.7259615659713745,0.6634615659713745,0.4350273013114929,0.806094765663147,0.7993944883346558
user,0,2,0.6039201021194458,0.5865384340286255,0.20240584015846252,0.38343915343284607,-0.6343706846237183
user,0,3,0.7633135914802551,0.7307692766189575,0.6664984822273254,0.8784899711608887,0.1859976053237915
user,0,4,0.9996301531791687,0.990384578704834,3.959383010864258,1.7271075248718262,-1.7162730693817139
user,0,5,0.9974112510681152,0.9711538553237915,5.895181655883789,1.629959225654602,-3.1005067825317383
user,0,6,1.0,1.0,84.21125793457031,1.9605834484100342,-40.801998138427734
user,0,7,1.0,1.0,41175.15234375,1.999711275100708,-19975.5390625
user,0,8,1.0,1.0,41166.46484375,1.9997111558914185,-19979.75
user,0,9,1.0,1.0,41420.1953125,1.9997146129608154,-20111.24609375
user,0,10,1.0,1.0,40988.87890625,1.999701976776123,-19882.458984375
user,0,11,1.0,1.0,40998.9140625,1.9997022151947021,-19911.01953125
user,0,12,1.0,1.0,40991.94921875,1.9997016191482544,-19918.482421875
user,0,13,1.0,1.0,40985.546875,1.9997011423110962,-19923.63671875
user,0,14,1.0,1.0,40973.78125,1.999700903892517,-19928.197265625
user,0,15,1.0,1.0,40991.73046875,1.9997007846832275,-19911.447265625
user,0,16,1.0,1.0,40974.21484375,1.9997000694274902,-19914.822265625
user,0,17,1.0,1.0,40964.8828125,1.9996994733810425,-19902.654296875
user,0,18,0.9589496850967407,0.9711538553237915,1043.447509765625,1.70750892162323,-241.185791015625
user,0,19,0.981139063835144,0.9711538553237915,1190.1234130859375,1.8210395574569702,-238.22003173828125
user,0,20,0.982988178730011,0.9615384340286255,940.2892456054688,1.7926621437072754,-193.7650909423828
user,0,21,0.9896449446678162,0.9807692170143127,1036.2515869140625,1.7278512716293335,-145.03839111328125
user,0,22,0.9866864085197449,0.9711538553237915,961.183349609375,1.6892108917236328,-134.392822265625
user,0,23,0.9818786978721619,0.9230769276618958,884.509521484375,1.6434838771820068,-153.4700927734375
user,8,0,0.5,0.5,0.0,0.0,-0.266345351934433
user,8,1,0.5610207319259644,0.5480769276618958,0.11855685710906982,0.15282264351844788,0.4147271513938904
user,8,2,0.5196005702018738,0.5288461446762085,0.05662482976913452,0.06155165657401085,-0.17687401175498962
user,8,3,0.5565828680992126,0.5,0.28326427936553955,0.22895239293575287,0.778723955154419
user,8,4,0.5214496850967407,0.49038460850715637,0.12342560291290283,0.07898902148008347,0.5965374708175659
user,8,5,0.5014792680740356,0.48076921701431274,0.09664440155029297,0.054354116320610046,2.2885890007019043
user,8,6,0.4959319531917572,0.5096153616905212,-0.02990245819091797,-0.013356582261621952,2.561192750930786
user,8,7,0.5428994297981262,0.5769230723381042,0.3585672378540039,0.12989458441734314,4.555376052856445
user,8,8,0.543639063835144,0.5096153616905212,-0.024277925491333008,-0.004795342683792114,3.4126760959625244
user,8,9,0.5077662467956543,0.4711538553237915,-0.7812550067901611,-0.10086800158023834,1.8526198863983154
user,8,10,0.5129438042640686,0.567307710647583,-1.7030539512634277,-0.14185966551303864,6.914720058441162
user,8,11,0.5192307829856873,0.5288461446762085,-1.7397265434265137,-0.1253131628036499,10.967713356018066
user,8,12,0.5310651063919067,0.557692289352417,-2.3518857955932617,-0.1307017207145691,11.893918991088867
user,8,13,0.4951923191547394,0.49038460850715637,-2.9875917434692383,-0.1741042286157608,20.446420669555664
user,8,14,0.4948224723339081,0.5384615659713745,-3.3249759674072266,-0.16131499409675598,24.37677764892578
user,8,15,0.4700443744659424,0.49038463830947876,-3.7195377349853516,-0.18374250829219818,35.059471130371094
user,8,16,0.523668646812439,0.5192307829856873,-3.509838104248047,-0.1117996796965599,38.979530334472656
user,8,17,0.7126479148864746,0.634615421295166,16.21100616455078,0.342915415763855,40.672157287597656
user,8,18,0.4881656765937805,0.5288461446762085,-15.678226470947266,-0.13067400455474854,-77.35885620117188
user,8,19,0.548446774482727,0.5865384340286255,-0.45804595947265625,-0.0025789516512304544,-55.705101013183594
user,8,20,0.48964497447013855,0.5480769276618958,-26.985305786132812,-0.11496935039758682,-158.90249633789062
user,8,21,0.5440088510513306,0.5769230723381042,21.215866088867188,0.07827861607074738,-132.8601531982422
user,8,22,0.5244082808494568,0.5384615659713745,3.812896728515625,0.01232756208628416,-380.7532958984375
user,8,23,0.5196005702018738,0.5384615063667297,0.68707275390625,0.0020050923340022564,-289.02520751953125
user,32,0,0.5,0.5,0.0,0.0,-0.1682266891002655
user,32,1,0.538831353187561,0.5288461446762085,0.05270564556121826,0.10824061185121536,0.3144727349281311
user,32,2,0.5088757276535034,0.5,0.016441017389297485,0.021903041750192642,-0.360889732837677
user,32,3,0.5343934893608093,0.557692289352417,0.09565722942352295,0.07465679943561554,1.0319244861602783
user,32,4,0.50665682554245,0.5480769276618958,-0.016234636306762695,-0.009695245884358883,1.6589972972869873
user,32,5,0.496671587228775,0.49038460850715637,-0.027565717697143555,-0.015230121091008186,1.4874229431152344
user,32,6,0.496671587228775,0.49038460850715637,-0.08922052383422852,-0.04670364037156105,4.833477973937988
user,32,7,0.5036982297897339,0.5192307829856873,-0.2534370422363281,-0.08407511562108994,7.234448432922363
user,32,8,0.4667159616947174,0.5192307829856873,-0.5798649787902832,-0.14850284159183502,8.601598739624023
user,32,9,0.45599111914634705,0.5,-1.477670669555664,-0.2631832957267761,-42.95068359375
user,32,10,0.4574704170227051,0.48076924681663513,-1.8546690940856934,-0.2459312230348587,9.75271987915039
user,32,11,0.48076921701431274,0.5,-1.4953250885009766,-0.17831262946128845,21.93928337097168
user,32,12,0.5192307829856873,0.5288461446762085,-1.2847681045532227,-0.11933692544698715,18.858060836791992
user,32,13,0.48557692766189575,0.509615421295166,-2.5785274505615234,-0.19791360199451447,40.292293548583984
user,32,14,0.46893492341041565,0.5192307829856873,-3.6711788177490234,-0.24442926049232483,32.32417678833008
user,32,15,0.4093934893608093,0.5,-5.240772247314453,-0.35575875639915466,58.02592468261719
user,32,16,0.420488178730011,0.4615384638309479,-5.971916198730469,-0.27105268836021423,52.76676940917969
user,32,17,0.44378697872161865,0.5,-6.204444885253906,-0.1596302092075348,117.732666015625
user,32,18,0.3420858085155487,0.49038460850715637,-47.37908935546875,-0.5235030055046082,293.8048095703125
user,32,19,0.3583579957485199,0.5096153616905212,-69.51397705078125,-0.4544698894023895,-165.67633056640625
user,32,20,0.3380177617073059,0.49038460850715637,-132.41363525390625,-0.5562790036201477,-329.97222900390625
user,32,21,0.36094674468040466,0.5,-135.92437744140625,-0.47793444991111755,-338.09869384765625
user,32,22,0.3372780978679657,0.48076924681663513,-189.77598571777344,-0.5495359897613525,-424.87469482421875
user,32,23,0.33468934893608093,0.48076924681663513,-214.40365600585938,-0.5744951963424683,-402.58917236328125
user,128,0,0.5,0.5,0.0,0.0,-0.31134921312332153
user,128,1,0.5007396340370178,0.5,0.00032335519790649414,0.0009310502791777253,0.3738168179988861
user,128,2,0.4996301829814911,0.5,0.0012958943843841553,0.0021424083970487118,-0.3078649044036865
user,128,3,0.5103550553321838,0.5,0.03274941444396973,0.04045378416776657,1.4685158729553223
user,128,4,0.5070266127586365,0.5,0.026185989379882812,0.027982646599411964,1.5666491985321045
user,128,5,0.5221893787384033,0.5,0.07545351982116699,0.062310200184583664,1.8102113008499146
user,128,6,0.5107248425483704,0.5,0.0434880256652832,0.023625969886779785,4.155348777770996
user,128,7,0.4926035404205322,0.5192307829856873,0.0789194107055664,0.021365441381931305,1.542097568511963
user,128,8,0.4866863787174225,0.4711538553237915,-0.12365484237670898,-0.027436384931206703,5.096307277679443
user,128,9,0.46412721276283264,0.5,-0.8362035751342773,-0.13372960686683655,-19.262815475463867
user,128,10,0.47744083404541016,0.45192310214042664,-1.1517658233642578,-0.14194217324256897,3.9928276538848877
user,128,11,0.5059171319007874,0.509615421295166,-0.6434860229492188,-0.07201658934354782,21.83725357055664
user,128,12,0.5122041702270508,0.5288461446762085,-0.439208984375,-0.043793920427560806,28.72974395751953
user,128,13,0.4914940893650055,0.5192307829856873,-1.0987415313720703,-0.09823128581047058,36.292320251464844
user,128,14,0.4955621361732483,0.48076921701431274,-1.085794448852539,-0.08362055569887161,29.787090301513672
user,128,15,0.4297337234020233,0.5096153616905212,-4.548675537109375,-0.28070202469825745,64.970947265625
user,128,16,0.4630177617073059,0.49038463830947876,-4.619609832763672,-0.19219331443309784,66.21492004394531
user,128,17,0.4371301829814911,0.49038460850715637,-6.4969635009765625,-0.16964535415172577,97.37185668945312
user,128,18,0.35983726382255554,0.4711538553237915,-43.81690979003906,-0.5027496814727783,283.15826416015625
user,128,19,0.37684911489486694,0.5,-65.30248260498047,-0.4752177894115448,-245.72171020507812
user,128,20,0.3657544255256653,0.5,-110.07740783691406,-0.5325378775596619,-439.6099853515625
user,128,21,0.36390531063079834,0.5,-128.76051330566406,-0.5353000164031982,-445.717529296875
user,128,22,0.33542898297309875,0.5,-183.4881134033203,-0.6197936534881592,-617.6986083984375
user,128,23,0.3468934893608093,0.5,-193.65386962890625,-0.6090359687805176,-601.347412109375
user,256,0,0.5,0.5,0.0,0.0,-0.18711528182029724
user,256,1,0.5003698468208313,0.5,-0.0004253387451171875,-0.0010587874567136168,0.3072158694267273
user,256,2,0.4963017702102661,0.5,-0.004378139972686768,-0.0076387361623346806,-0.1271921694278717
user,256,3,0.5147929191589355,0.5096153616905212,0.031072914600372314,0.04360632598400116,0.3913765549659729
user,256,4,0.5062869787216187,0.509615421295166,0.031330108642578125,0.025417538359761238,0.6446478366851807
user,256,5,0.5073964595794678,0.5,0.006178855895996094,0.004196870606392622,1.258650302886963
user,256,6,0.48187869787216187,0.5,-0.09893941879272461,-0.057259198278188705,0.7715632915496826
user,256,7,0.4789201319217682,0.4711538553237915,-0.2106790542602539,-0.08362886309623718,3.3678112030029297
user,256,8,0.4955621361732483,0.5192307829856873,0.002383708953857422,0.0008078450919128954,10.33759880065918
user,256,9,0.46042898297309875,0.5,-0.47104740142822266,-0.11595628410577774,12.592031478881836
user,256,10,0.4840976297855377,0.509615421295166,-0.23273372650146484,-0.047612011432647705,17.068397521972656
user,256,11,0.5155325531959534,0.48076924681663513,0.1599130630493164,0.025808800011873245,18.634967803955078
user,256,12,0.535872757434845,0.5480769276618958,0.39739418029785156,0.05369127169251442,26.767833709716797
user,256,13,0.5122041702270508,0.5288461446762085,-0.04957008361816406,-0.00601222412660718,30.353347778320312
user,256,14,0.5181213021278381,0.5384615659713745,0.14415550231933594,0.014903097413480282,40.69380187988281
user,256,15,0.44304734468460083,0.4615384638309479,-3.24407958984375,-0.23623816668987274,50.462772369384766
user,256,16,0.5029585957527161,0.5288461446762085,-0.4491691589355469,-0.023226864635944366,65.13703918457031
user,256,17,0.5380917191505432,0.5480769276618958,3.4240036010742188,0.09822184592485428,90.23141479492188
user,256,18,0.4093934893608093,0.5,-28.586273193359375,-0.3191353678703308,142.5809326171875
user,256,19,0.42751479148864746,0.48076924681663513,-32.199737548828125,-0.27222031354904175,266.1915283203125
user,256,20,0.46079882979393005,0.4615384340286255,-33.782989501953125,-0.18495839834213257,21.395357131958008
user,256,21,0.4741124212741852,0.49038460850715637,-33.58546447753906,-0.16229978203773499,15.907732009887695
user,256,22,0.44378697872161865,0.4711538553237915,-61.470947265625,-0.2258620262145996,15.736552238464355
user,256,23,0.4460059106349945,0.45192307233810425,-59.220481872558594,-0.208837628364563,-40.55113983154297
cot,0,0,0.5,0.5,0.0,0.0,-0.5664442181587219
cot,0,1,0.7237426042556763,0.682692289352417,0.44463545083999634,0.8139408230781555,0.7505635619163513
cot,0,2,0.6375739574432373,0.5961538553237915,0.271211177110672,0.4906493127346039,-0.4144503176212311
cot,0,3,0.7196745276451111,0.692307710647583,0.5661895871162415,0.7976441383361816,0.18522407114505768
cot,0,4,1.0,1.0,4.233883857727051,1.7406566143035889,-1.5294195413589478
cot,0,5,0.995192289352417,0.9711538553237915,6.041720390319824,1.6002538204193115,-2.647446632385254
cot,0,6,1.0,1.0,88.66010284423828,1.9641190767288208,-36.868873596191406
cot,0,7,1.0,1.0,41179.85546875,1.999711275100708,-19971.73046875
cot,0,8,1.0,1.0,41177.203125,1.999711275100708,-19972.232421875
cot,0,9,1.0,1.0,41430.17578125,1.999714732170105,-20106.216796875
cot,0,10,1.0,1.0,41005.6953125,1.9997020959854126,-19874.716796875
cot,0,11,1.0,1.0,41033.2421875,1.999703049659729,-19886.587890625
cot,0,12,1.0,1.0,41031.2265625,1.9997026920318604,-19892.640625
cot,0,13,1.0,1.0,41035.421875,1.9997024536132812,-19890.583984375
cot,0,14,1.0,1.0,41028.74609375,1.9997024536132812,-19890.654296875
cot,0,15,1.0,1.0,41038.15234375,1.9997020959854126,-19878.029296875
cot,0,16,1.0,1.0,41033.6015625,1.9997018575668335,-19877.46484375
cot,0,17,1.0,1.0,41005.44921875,1.999701738357544,-19884.03125
cot,0,18,0.9600591659545898,0.9711538553237915,1096.5335693359375,1.7322068214416504,-214.6509246826172
cot,0,19,0.9800295829772949,0.9711538553237915,1173.982177734375,1.8135679960250854,-301.38623046875
cot,0,20,0.9818786978721619,0.9615384340286255,922.3951416015625,1.7718966007232666,-292.4488220214844
cot,0,21,0.9815088510513306,0.9519230723381042,962.6746215820312,1.672368049621582,-175.44412231445312
cot,0,22,0.9737426042556763,0.9230769276618958,894.529541015625,1.6239638328552246,-197.75193786621094
cot,0,23,0.9615384340286255,0.884615421295166,824.5554809570312,1.5681058168411255,-178.62063598632812
cot,8,0,0.5,0.5,0.0,0.0,-0.266345351934433
cot,8,1,0.5554733872413635,0.5384615063667297,0.09117263555526733,0.11767564713954926,0.4066203832626343
cot,8,2,0.5033283829689026,0.5288461446762085,0.014687776565551758,0.01591092348098755,-0.0982787162065506
cot,8,3,0.5036982297897339,0.5288461446762085,0.06257259845733643,0.05017906054854393,0.28358855843544006
cot,8,4,0.5173816680908203,0.5384615659713745,0.14955556392669678,0.093695729970932,1.4701049327850342
cot,8,5,0.5099852085113525,0.509615421295166,0.11182236671447754,0.06166780740022659,0.9499838352203369
cot,8,6,0.5173816680908203,0.5288461446762085,0.13773179054260254,0.0636516734957695,2.603762626647949
cot,8,7,0.5192307829856873,0.5,-0.0010993480682373047,-0.0004057403712067753,1.6561956405639648
cot,8,8,0.6475591659545898,0.625,1.2681519985198975,0.4272400736808777,3.089641571044922
cot,8,9,0.6024408340454102,0.557692289352417,1.579681158065796,0.39530134201049805,5.039510726928711
cot,8,10,0.5898668766021729,0.5384615659713745,1.710252285003662,0.29038622975349426,3.6069531440734863
cot,8,11,0.6087278127670288,0.5769230723381042,2.5924463272094727,0.3733236789703369,10.802275657653809
cot,8,12,0.6157544255256653,0.5480769276618958,2.8976221084594727,0.39646199345588684,11.887361526489258
cot,8,13,0.6409023404121399,0.5961538553237915,4.356113433837891,0.47400110960006714,18.438840866088867
cot,8,14,0.6867603659629822,0.6057692170143127,6.046459197998047,0.6426740288734436,22.476280212402344
cot,8,15,0.6745561957359314,0.625,6.079227447509766,0.5345349907875061,34.904296875
cot,8,16,0.603180468082428,0.5865384340286255,5.6122283935546875,0.38540539145469666,36.05548858642578
cot,8,17,0.682692289352417,0.634615421295166,18.459957122802734,0.6147547364234924,40.66448974609375
cot,8,18,0.5935651063919067,0.5288461446762085,29.550575256347656,0.27406373620033264,136.55059814453125
cot,8,19,0.5739644765853882,0.576923131942749,39.27674102783203,0.20107074081897736,110.44343566894531
cot,8,20,0.5528846383094788,0.5480769276618958,47.12676239013672,0.17315062880516052,197.58340454101562
cot,8,21,0.5665680766105652,0.557692289352417,66.47065734863281,0.20694167912006378,-56.231300354003906
cot,8,22,0.5695266127586365,0.5288461446762085,78.63438415527344,0.21741613745689392,372.3932189941406
cot,8,23,0.5817307829856873,0.5961538553237915,90.76210021972656,0.22154611349105835,-33.01911926269531
cot,32,0,0.5,0.5,0.0,0.0,-0.1682266891002655
cot,32,1,0.5329142212867737,0.5288461446762085,0.04761803150177002,0.09792470932006836,0.40180668234825134
cot,32,2,0.5044378638267517,0.509615421295166,0.014085441827774048,0.01859023980796337,0.07096292078495026
cot,32,3,0.49371302127838135,0.5,-0.016941070556640625,-0.013088696636259556,0.7982271313667297
cot,32,4,0.49815088510513306,0.509615421295166,-0.023714065551757812,-0.014240177348256111,1.4101824760437012
cot,32,5,0.4922337234020233,0.509615421295166,-0.07029080390930176,-0.03885361924767494,3.3859410285949707
cot,32,6,0.48594674468040466,0.509615421295166,-0.10299968719482422,-0.0532849058508873,2.484224557876587
cot,32,7,0.4700443744659424,0.4711538553237915,-0.5126628875732422,-0.1800128072500229,2.22210693359375
cot,32,8,0.4955621361732483,0.48076924681663513,0.005682945251464844,0.0016452136915177107,3.5261576175689697
cot,32,9,0.5147929191589355,0.5,0.0550532341003418,0.01185331679880619,3.802450180053711
cot,32,10,0.5092455744743347,0.49038460850715637,-0.09969329833984375,-0.015823960304260254,1.2717599868774414
cot,32,11,0.5273668766021729,0.49038460850715637,0.101593017578125,0.014299686066806316,10.198848724365234
cot,32,12,0.5036982297897339,0.5,-0.22340774536132812,-0.02393186464905739,13.038774490356445
cot,32,13,0.5033283829689026,0.4711538553237915,-0.6208477020263672,-0.05618610605597496,16.715267181396484
cot,32,14,0.5159023404121399,0.49038460850715637,-0.2110137939453125,-0.016117269173264503,29.011905670166016
cot,32,15,0.4700443744659424,0.45192307233810425,-2.440906524658203,-0.16625189781188965,29.645545959472656
cot,32,16,0.47633135318756104,0.49038463830947876,-1.8350181579589844,-0.0877833440899849,19.21506118774414
cot,32,17,0.5040680766105652,0.5,1.7054595947265625,0.0436379536986351,77.51453399658203
cot,32,18,0.4792899489402771,0.48076921701431274,-1.4787750244140625,-0.015575267374515533,162.46527099609375
cot,32,19,0.46893492341041565,0.4615384638309479,-5.630950927734375,-0.03233134746551514,205.07611083984375
cot,32,20,0.4833579957485199,0.5192307829856873,-6.588134765625,-0.026016253978013992,480.16131591796875
cot,32,21,0.478180468082428,0.45192307233810425,-16.04583740234375,-0.050445105880498886,257.98419189453125
cot,32,22,0.4755917191505432,0.4711538553237915,-21.7291259765625,-0.05805501714348793,292.5771484375
cot,32,23,0.4792899489402771,0.5,-26.380889892578125,-0.06408523768186569,682.77978515625
cot,128,0,0.5,0.5,0.0,0.0,-0.31134921312332153
cot,128,1,0.504807710647583,0.5,0.0010927915573120117,0.003138388739898801,0.31819793581962585
cot,128,2,0.4970414340496063,0.5,-0.002492368221282959,-0.004122514743357897,-0.30373454093933105
cot,128,3,0.4822485148906708,0.49038460850715637,-0.03173154592514038,-0.03889816626906395,1.9539670944213867
cot,128,4,0.4866863787174225,0.5192307233810425,-0.028129935264587402,-0.029950248077511787,2.0364861488342285
cot,128,5,0.48890531063079834,0.48076921701431274,-0.05857968330383301,-0.04916062206029892,1.677457332611084
cot,128,6,0.4863165616989136,0.4711538553237915,-0.031590938568115234,-0.017681589350104332,3.708425998687744
cot,128,7,0.46967455744743347,0.5096153616905212,-0.10443258285522461,-0.028887012973427773,-0.9509474039077759
cot,128,8,0.4955621361732483,0.5096153616905212,0.13580608367919922,0.03150065243244171,2.3103771209716797
cot,128,9,0.5114644765853882,0.5,0.2770671844482422,0.04806879535317421,0.1798015832901001
cot,128,10,0.49778106808662415,0.5,0.000133514404296875,1.91841390915215e-05,14.254310607910156
cot,128,11,0.5244082808494568,0.509615421295166,0.5684642791748047,0.07466160506010056,10.317495346069336
cot,128,12,0.5073964595794678,0.5192307829856873,0.19181060791015625,0.02235296554863453,24.10499382019043
cot,128,13,0.5166420340538025,0.5096153616905212,0.5120143890380859,0.054482899606227875,28.398426055908203
cot,128,14,0.5329142212867737,0.5192307233810425,0.7427330017089844,0.07241268455982208,29.99890899658203
cot,128,15,0.4918639063835144,0.4711538553237915,-0.4327812194824219,-0.03375041112303734,45.44635772705078
cot,128,16,0.4970414340496063,0.5192307829856873,-0.28244781494140625,-0.012770060449838638,34.86151885986328
cot,128,17,0.5288461446762085,0.5096153616905212,3.9923934936523438,0.11702851206064224,49.53959655761719
cot,128,18,0.5062869787216187,0.5,-0.8301467895507812,-0.010527903214097023,148.880126953125
cot,128,19,0.504807710647583,0.5480769276618958,0.6478424072265625,0.004701702389866114,269.36859130859375
cot,128,20,0.5159023404121399,0.5288461446762085,4.7504119873046875,0.023457523435354233,378.7755126953125
cot,128,21,0.482988178730011,0.509615421295166,-11.637481689453125,-0.046928610652685165,40.97779846191406
cot,128,22,0.46930474042892456,0.509615421295166,-16.910247802734375,-0.05484313145279884,632.43994140625
cot,128,23,0.4863165616989136,0.509615421295166,-12.62579345703125,-0.037087175995111465,708.1089477539062
cot,256,0,0.5,0.5,0.0,0.0,-0.18711528182029724
cot,256,1,0.5,0.5,-5.5789947509765625e-05,-0.00013842058251611888,0.26720041036605835
cot,256,2,0.4929733872413635,0.5,-0.007882148027420044,-0.013742613606154919,0.2885456085205078
cot,256,3,0.48520711064338684,0.5,-0.03781259059906006,-0.052749890834093094,2.101123809814453
cot,256,4,0.48483726382255554,0.49038463830947876,-0.031224846839904785,-0.025412680581212044,-0.03163642808794975
cot,256,5,0.4877958595752716,0.5,-0.11942434310913086,-0.0837642103433609,3.732454538345337
cot,256,6,0.48113906383514404,0.5,-0.09252643585205078,-0.05451292172074318,0.8067344427108765
cot,256,7,0.46967455744743347,0.49038460850715637,-0.24547481536865234,-0.09728442877531052,1.4900321960449219
cot,256,8,0.5085059404373169,0.48076924681663513,0.23158597946166992,0.07730206102132797,4.583354473114014
cot,256,9,0.5366124510765076,0.5,0.5171995162963867,0.12661132216453552,4.6841230392456055
cot,256,10,0.545488178730011,0.5480769276618958,0.9475603103637695,0.19518744945526123,13.15108871459961
cot,256,11,0.5761834383010864,0.5384615659713745,1.523503303527832,0.24920231103897095,13.303141593933105
cot,256,12,0.5713757276535034,0.5480769276618958,1.5108394622802734,0.21763230860233307,27.128116607666016
cot,256,13,0.5528846383094788,0.5,0.9755287170410156,0.1219431683421135,22.7900447845459
cot,256,14,0.576553225517273,0.5480769276618958,2.1696624755859375,0.2505028247833252,27.402759552001953
cot,256,15,0.5255177617073059,0.5,0.600067138671875,0.04613339900970459,17.02972984313965
cot,256,16,0.5255177617073059,0.4711538553237915,2.118640899658203,0.12161826342344284,59.35121154785156
cot,256,17,0.590976357460022,0.5384615659713745,8.496513366699219,0.2655908465385437,88.46818542480469
cot,256,18,0.5051774978637695,0.46153849363327026,-1.6150894165039062,-0.019481830298900604,91.67915344238281
cot,256,19,0.5159023404121399,0.48076924681663513,9.371902465820312,0.0803094208240509,83.63897705078125
cot,256,20,0.5510355234146118,0.5096153616905212,32.05028533935547,0.17406098544597626,24.017314910888672
cot,256,21,0.543639063835144,0.5192307829856873,33.62200927734375,0.15306204557418823,52.47058868408203
cot,256,22,0.5336538553237915,0.5288461446762085,36.16131591796875,0.13152123987674713,469.278564453125
cot,256,23,0.5303254723548889,0.5192307829856873,31.548980712890625,0.10775113105773926,489.7224426269531
assistant,0,0,0.5,0.5,0.0,0.0,-0.5664442181587219
assistant,0,1,0.7374260425567627,0.7211538553237915,0.44419413805007935,0.8343187570571899,0.6099986433982849
assistant,0,2,0.6549556255340576,0.6442307829856873,0.3181191682815552,0.54728764295578,0.4330196678638458
assistant,0,3,0.8321005702018738,0.7980769276618958,0.9209812879562378,1.1301249265670776,-0.0016758742276579142
assistant,0,4,0.9929733872413635,0.942307710647583,3.7803711891174316,1.633102536201477,-1.8801753520965576
assistant,0,5,0.9996301531791687,0.9711538553237915,6.308785915374756,1.641184687614441,-2.9620141983032227
assistant,0,6,1.0,1.0,89.44357299804688,1.9645887613296509,-35.20004653930664
assistant,0,7,1.0,1.0,41182.0234375,1.999711275100708,-19970.083984375
assistant,0,8,1.0,1.0,41176.55859375,1.999711275100708,-19973.564453125
assistant,0,9,1.0,1.0,41431.48046875,1.999714970588684,-20106.544921875
assistant,0,10,1.0,1.0,41006.81640625,1.9997022151947021,-19873.84765625
assistant,0,11,1.0,1.0,41030.36328125,1.99970281124115,-19889.154296875
assistant,0,12,1.0,1.0,41028.6015625,1.9997025728225708,-19893.044921875
assistant,0,13,1.0,1.0,41036.9921875,1.9997026920318604,-19887.890625
assistant,0,14,1.0,1.0,41017.73046875,1.9997023344039917,-19898.240234375
assistant,0,15,1.0,1.0,41025.4296875,1.999701976776123,-19885.673828125
assistant,0,16,1.0,1.0,41008.703125,1.9997014999389648,-19892.310546875
assistant,0,17,1.0,1.0,40994.98828125,1.9997012615203857,-19889.505859375
assistant,0,18,0.959319531917572,0.9711538553237915,1044.62841796875,1.7102203369140625,-234.4752960205078
assistant,0,19,0.9807692170143127,0.9711538553237915,1190.907958984375,1.8129143714904785,-298.7677001953125
assistant,0,20,0.9874260425567627,0.9615384340286255,992.1657104492188,1.7803210020065308,-263.06597900390625
assistant,0,21,0.9852070808410645,0.942307710647583,1074.4324951171875,1.7021114826202393,-115.16633605957031
assistant,0,22,0.9803994297981262,0.942307710647583,1008.767333984375,1.6682720184326172,-37.475303649902344
assistant,0,23,0.9730029702186584,0.9038461446762085,952.9224853515625,1.625946044921875,22.583215713500977
assistant,8,0,0.5,0.5,0.0,0.0,-0.266345351934433
assistant,8,1,0.5539940595626831,0.5288461446762085,0.08966654539108276,0.11555545777082443,0.4388590455055237
assistant,8,2,0.518860936164856,0.5288461446762085,0.04546511173248291,0.04923175647854805,-0.18273979425430298
assistant,8,3,0.528476357460022,0.5480769276618958,0.15094995498657227,0.12172811478376389,0.3449910283088684
assistant,8,4,0.50665682554245,0.5192307233810425,0.04301583766937256,0.02728080190718174,1.4365580081939697
assistant,8,5,0.5196005702018738,0.509615421295166,0.12879729270935059,0.0710068941116333,0.8716925978660583
assistant,8,6,0.5743343234062195,0.567307710647583,0.5016565322875977,0.23150351643562317,2.6021058559417725
assistant,8,7,0.5347633361816406,0.5,0.3501272201538086,0.14493992924690247,2.486130475997925
assistant,8,8,0.5839496850967407,0.5480769276618958,0.7521028518676758,0.2682778835296631,2.4925832748413086
assistant,8,9,0.5565828680992126,0.557692289352417,0.8548552989959717,0.21625125408172607,1.2968103885650635
assistant,8,10,0.5639792680740356,0.567307710647583,1.0822153091430664,0.18360012769699097,1.723541021347046
assistant,8,11,0.5758135914802551,0.5480769276618958,1.6795425415039062,0.24346034228801727,7.820209503173828
assistant,8,12,0.5998520851135254,0.557692289352417,2.533061981201172,0.36822324991226196,10.657602310180664
assistant,8,13,0.6102070808410645,0.576923131942749,3.1697311401367188,0.3659043312072754,20.588830947875977
assistant,8,14,0.651627242565155,0.5961538553237915,5.01409912109375,0.5433523654937744,15.135440826416016
assistant,8,15,0.6490384340286255,0.6057692170143127,5.206459045410156,0.4848678410053253,27.635454177856445
assistant,8,16,0.5784023404121399,0.5096153616905212,4.272315979003906,0.2941628694534302,25.80536651611328
assistant,8,17,0.6756656765937805,0.6057692766189575,17.20606231689453,0.5617290735244751,42.460304260253906
assistant,8,18,0.5935651063919067,0.5384615659713745,32.14325714111328,0.28474339842796326,136.29791259765625
assistant,8,19,0.5954142212867737,0.5384615659713745,58.591697692871094,0.2832735776901245,330.4776916503906
assistant,8,20,0.5832100510597229,0.5096153616905212,72.51969146728516,0.2523771822452545,314.3729248046875
assistant,8,21,0.5743343234062195,0.5192307829856873,80.31536865234375,0.23748543858528137,415.6876220703125
assistant,8,22,0.5828402638435364,0.5288461446762085,99.07608032226562,0.2613815367221832,387.80059814453125
assistant,8,23,0.5876479148864746,0.5192307829856873,114.32872009277344,0.2668861150741577,534.5606689453125
assistant,32,0,0.5,0.5,0.0,0.0,-0.1682266891002655
assistant,32,1,0.5329142212867737,0.5288461446762085,0.045582354068756104,0.09362563490867615,0.4007784128189087
assistant,32,2,0.5036982297897339,0.509615421295166,0.01651826500892639,0.021733900532126427,0.07881121337413788
assistant,32,3,0.5055473446846008,0.5096153616905212,0.012957453727722168,0.010029887780547142,0.7887250185012817
assistant,32,4,0.5022189617156982,0.509615421295166,3.218650817871094e-05,1.9287730538053438e-05,1.4503140449523926
assistant,32,5,0.48927515745162964,0.5192307829856873,-0.08154726028442383,-0.0451570600271225,0.47799211740493774
assistant,32,6,0.5051774978637695,0.5384615659713745,0.02768087387084961,0.014529070816934109,3.7577857971191406
assistant,32,7,0.4922337234020233,0.49038460850715637,-0.3515005111694336,-0.12150204926729202,2.229262351989746
assistant,32,8,0.48076921701431274,0.4615384638309479,-0.24077701568603516,-0.06735489517450333,3.519237518310547
assistant,32,9,0.4748520851135254,0.4615384638309479,-0.3924736976623535,-0.08315382897853851,2.6424427032470703
assistant,32,10,0.47707101702690125,0.5096153616905212,-0.46197986602783203,-0.07497430592775345,3.9907822608947754
assistant,32,11,0.4822485148906708,0.49038463830947876,-0.45841407775878906,-0.06657479703426361,8.05613899230957
assistant,32,12,0.49778106808662415,0.5,0.05330848693847656,0.006174781359732151,13.02607250213623
assistant,32,13,0.48964497447013855,0.48076924681663513,-0.5798015594482422,-0.05547691509127617,14.46314811706543
assistant,32,14,0.5040680766105652,0.5096153616905212,-0.28841209411621094,-0.02330782637000084,24.29632568359375
assistant,32,15,0.48483726382255554,0.49038463830947876,-1.2729263305664062,-0.09230819344520569,22.159278869628906
assistant,32,16,0.4704141914844513,0.48076921701431274,-1.31396484375,-0.06434515863656998,24.43335723876953
assistant,32,17,0.5036982297897339,0.5,2.0619964599609375,0.05378704518079758,75.210693359375
assistant,32,18,0.49778106808662415,0.48076924681663513,4.003814697265625,0.04140624403953552,198.655029296875
assistant,32,19,0.5114644765853882,0.509615421295166,13.516876220703125,0.07451517879962921,290.46551513671875
assistant,32,20,0.5240384340286255,0.5288461446762085,27.372055053710938,0.1034860759973526,471.93365478515625
assistant,32,21,0.5073964595794678,0.509615421295166,19.136474609375,0.057736512273550034,560.556396484375
assistant,32,22,0.5159023404121399,0.5192307829856873,24.218170166015625,0.06260282546281815,592.12109375
assistant,32,23,0.514053225517273,0.5192307829856873,20.18353271484375,0.04716360569000244,645.4833374023438
assistant,128,0,0.5,0.5,0.0,0.0,-0.31134921312332153
assistant,128,1,0.504807710647583,0.5,0.0010927915573120117,0.003138388739898801,0.31819793581962585
assistant,128,2,0.5018491148948669,0.5,0.0016810297966003418,0.0027841359842568636,-0.3072860836982727
assistant,128,3,0.48927515745162964,0.49038460850715637,-0.016785860061645508,-0.02055693231523037,1.975176215171814
assistant,128,4,0.49408283829689026,0.509615421295166,-0.02073991298675537,-0.022043755277991295,1.9518641233444214
assistant,128,5,0.48890531063079834,0.48076921701431274,-0.061098337173461914,-0.05124671757221222,1.6772353649139404
assistant,128,6,0.49778106808662415,0.5,0.020183086395263672,0.011219090782105923,4.129908084869385
assistant,128,7,0.48520711064338684,0.5096153616905212,0.017333030700683594,0.004759272560477257,-0.8292759656906128
assistant,128,8,0.48039939999580383,0.5,-0.04278850555419922,-0.00989054050296545,2.2711691856384277
assistant,128,9,0.4948224723339081,0.49038460850715637,0.15606975555419922,0.027320368215441704,-0.030967621132731438
assistant,128,10,0.4918639063835144,0.48076924681663513,-0.3145427703857422,-0.044982343912124634,4.363697052001953
assistant,128,11,0.4996301829814911,0.509615421295166,-0.07550048828125,-0.00980777945369482,9.349899291992188
assistant,128,12,0.49038460850715637,0.49038460850715637,-0.40727806091308594,-0.04647267982363701,1.3884594440460205
assistant,128,13,0.514053225517273,0.48076921701431274,0.3072071075439453,0.03283389285206795,22.767436981201172
assistant,128,14,0.5251479148864746,0.557692289352417,0.4305305480957031,0.04189087450504303,30.531818389892578
assistant,128,15,0.5051774978637695,0.5192307829856873,0.5872459411621094,0.04631573706865311,28.640439987182617
assistant,128,16,0.5,0.5,0.6773300170898438,0.033377181738615036,28.007568359375
assistant,128,17,0.5636094808578491,0.5288461446762085,8.059623718261719,0.24949142336845398,47.834129333496094
assistant,128,18,0.5876479148864746,0.5480769276618958,25.707962036132812,0.3042394816875458,146.15016174316406
assistant,128,19,0.5732248425483704,0.5192307829856873,39.374176025390625,0.2616136074066162,175.51513671875
assistant,128,20,0.5924556255340576,0.5384615659713745,77.23992919921875,0.36545681953430176,245.83154296875
assistant,128,21,0.5739644765853882,0.5288461446762085,70.99142456054688,0.2710101306438446,341.31280517578125
assistant,128,22,0.5854290127754211,0.5384615063667297,101.27130126953125,0.3125757575035095,261.70867919921875
assistant,128,23,0.5987426042556763,0.5769230723381042,120.06222534179688,0.33961644768714905,266.824951171875
assistant,256,0,0.5,0.5,0.0,0.0,-0.18711528182029724
assistant,256,1,0.5,0.5,-5.5789947509765625e-05,-0.00013842058251611888,0.26720041036605835
assistant,256,2,0.4926035404205322,0.5,-0.007762432098388672,-0.013555683195590973,-0.43708330392837524
assistant,256,3,0.48446744680404663,0.49038460850715637,-0.0338282585144043,-0.04714116454124451,-0.39101511240005493
assistant,256,4,0.4792899489402771,0.49038463830947876,-0.04006969928741455,-0.032500408589839935,-0.05839994549751282
assistant,256,5,0.48594674468040466,0.49038460850715637,-0.11617732048034668,-0.08125922083854675,0.8077386021614075
assistant,256,6,0.4918639063835144,0.5096153616905212,-0.034052371978759766,-0.020180685445666313,3.4838783740997314
assistant,256,7,0.48039939999580383,0.5,-0.1269984245300293,-0.05121651291847229,1.500173807144165
assistant,256,8,0.504807710647583,0.509615421295166,0.1824183464050293,0.061481039971113205,4.891454696655273
assistant,256,9,0.5321745276451111,0.5,0.4809303283691406,0.12118923664093018,3.9286227226257324
assistant,256,10,0.5329142212867737,0.5384615659713745,0.7982521057128906,0.16891635954380035,5.693991661071777
assistant,256,11,0.5606508851051331,0.5192307829856873,1.2062005996704102,0.2048676460981369,12.70216178894043
assistant,256,12,0.5536242723464966,0.557692289352417,1.1148204803466797,0.16391892731189728,15.076922416687012
assistant,256,13,0.5417899489402771,0.48076921701431274,0.6724643707275391,0.08542060106992722,21.851829528808594
assistant,256,14,0.5440088510513306,0.5192307233810425,1.3115386962890625,0.1536765992641449,30.958480834960938
assistant,256,15,0.528476357460022,0.5192307829856873,0.7072982788085938,0.057432640343904495,22.38408660888672
assistant,256,16,0.5162721872329712,0.5288461446762085,2.0497207641601562,0.12225016951560974,25.783662796020508
assistant,256,17,0.6209319233894348,0.576923131942749,11.894767761230469,0.39285749197006226,76.47647857666016
assistant,256,18,0.6076183319091797,0.557692289352417,30.47614288330078,0.37792614102363586,94.64991760253906
assistant,256,19,0.5798816680908203,0.5288461446762085,40.4180908203125,0.32931604981422424,89.54576873779297
assistant,256,20,0.6423816680908203,0.5865384340286255,97.98319244384766,0.5100367665290833,97.94303894042969
assistant,256,21,0.6139053106307983,0.5769230723381042,98.64530944824219,0.41122642159461975,151.24256896972656
assistant,256,22,0.6246301531791687,0.5865384340286255,125.98849487304688,0.4286510646343231,174.07626342773438
assistant,256,23,0.6135355234146118,0.5769230723381042,128.5263671875,0.40364155173301697,168.1663055419922
tool,0,0,0.5,0.5,0.0,0.0,-0.5664442181587219
tool,0,1,0.7385355234146118,0.692307710647583,0.4195862412452698,0.8563515543937683,0.3551394045352936
tool,0,2,0.646819531917572,0.5865384340286255,0.2848004102706909,0.5320205092430115,-0.4308418035507202
tool,0,3,0.860946774482727,0.7884615659713745,0.8733566999435425,1.1725369691848755,-0.21006591618061066
tool,0,4,0.9985207319259644,0.9807692170143127,3.8099234104156494,1.6575223207473755,-1.7155442237854004
tool,0,5,1.0,0.990384578704834,6.948880195617676,1.70536470413208,-1.6478657722473145
tool,0,6,1.0,1.0,90.30055236816406,1.9658218622207642,-34.2364387512207
tool,0,7,1.0,1.0,41181.8671875,1.999711275100708,-19970.353515625
tool,0,8,1.0,1.0,41179.37890625,1.999711275100708,-19970.865234375
tool,0,9,1.0,1.0,41433.6796875,1.999714732170105,-20102.580078125
tool,0,10,1.0,1.0,41009.52734375,1.9997023344039917,-19870.373046875
tool,0,11,1.0,1.0,41034.90625,1.999703049659729,-19887.037109375
tool,0,12,1.0,1.0,41033.0703125,1.9997026920318604,-19891.6171875
tool,0,13,1.0,1.0,41038.625,1.9997026920318604,-19889.263671875
tool,0,14,1.0,1.0,41031.73046875,1.9997026920318604,-19892.525390625
tool,0,15,1.0,1.0,41038.02734375,1.9997020959854126,-19880.33984375
tool,0,16,1.0,1.0,41034.08203125,1.9997020959854126,-19877.787109375
tool,0,17,1.0,1.0,41003.6328125,1.9997012615203857,-19879.15234375
tool,0,18,0.9585798978805542,0.9711538553237915,1078.9539794921875,1.7218657732009888,-216.27529907226562
tool,0,19,0.981139063835144,0.9711538553237915,1187.0870361328125,1.8105955123901367,-314.3905029296875
tool,0,20,0.9815088510513306,0.9711538553237915,926.372314453125,1.7560416460037231,-297.622802734375
tool,0,21,0.9815088510513306,0.9519230723381042,966.026611328125,1.6537208557128906,-187.08013916015625
tool,0,22,0.9681952595710754,0.9038461446762085,878.8726806640625,1.583458423614502,-232.33367919921875
tool,0,23,0.94415682554245,0.8557692766189575,777.094970703125,1.4964882135391235,-260.298583984375
tool,8,0,0.5,0.5,0.0,0.0,-0.266345351934433
tool,8,1,0.5580621361732483,0.5384615659713745,0.10111039876937866,0.13135592639446259,0.13924869894981384
tool,8,2,0.48890531063079834,0.5288461446762085,-0.01610589027404785,-0.017615092918276787,-0.18752481043338776
tool,8,3,0.5602810382843018,0.5384615659713745,0.2380162477493286,0.19579091668128967,0.33913153409957886
tool,8,4,0.5643491148948669,0.557692289352417,0.36772775650024414,0.2358059138059616,1.1536614894866943
tool,8,5,0.5580621361732483,0.5480769276618958,0.3991568088531494,0.22424191236495972,2.2872307300567627
tool,8,6,0.5872781276702881,0.567307710647583,0.6799907684326172,0.3113408386707306,2.5673999786376953
tool,8,7,0.6024408340454102,0.625,0.7105369567871094,0.2793729305267334,4.559179306030273
tool,8,8,0.6519970297813416,0.634615421295166,1.2958710193634033,0.4062335193157196,3.542649984359741
tool,8,9,0.6464496850967407,0.615384578704834,1.9227445125579834,0.4006446599960327,3.331644058227539
tool,8,10,0.6216716170310974,0.557692289352417,2.035867214202881,0.30294108390808105,3.5904388427734375
tool,8,11,0.6349852085113525,0.5961538553237915,2.36834716796875,0.25743764638900757,10.561789512634277
tool,8,12,0.6612426042556763,0.5961538553237915,2.775615692138672,0.26027587056159973,11.937704086303711
tool,8,13,0.6460798978805542,0.615384578704834,3.3212833404541016,0.2695005536079407,23.673675537109375
tool,8,14,0.6911982297897339,0.6730769276618958,5.17845344543457,0.39149010181427,22.67698860168457
tool,8,15,0.6678994297981262,0.625,5.622592926025391,0.4172101616859436,36.1033935546875
tool,8,16,0.6116864085197449,0.5865384340286255,4.636543273925781,0.2677578032016754,35.958045959472656
tool,8,17,0.7059911489486694,0.6538461446762085,20.64920425415039,0.6318396329879761,37.2303466796875
tool,8,18,0.5828402638435364,0.5865384340286255,26.327362060546875,0.2583182454109192,18.37173080444336
tool,8,19,0.5924556255340576,0.5865384936332703,48.704505920410156,0.25352996587753296,-20.8731689453125
tool,8,20,0.5721153616905212,0.5480769276618958,57.77349090576172,0.21389354765415192,-1.7873026132583618
tool,8,21,0.5832100510597229,0.5769230723381042,78.39619445800781,0.24641717970371246,-26.38777732849121
tool,8,22,0.581360936164856,0.557692289352417,84.51229858398438,0.23548556864261627,-74.00104522705078
tool,8,23,0.581360936164856,0.625,84.25715637207031,0.20877116918563843,-1.2005852460861206
tool,32,0,0.5,0.5,0.0,0.0,-0.1682266891002655
tool,32,1,0.5551035404205322,0.5384615063667297,0.0806916356086731,0.16830992698669434,0.3999605178833008
tool,32,2,0.4955621361732483,0.5,-0.017147839069366455,-0.023020807653665543,-0.41219329833984375
tool,32,3,0.5033283829689026,0.509615421295166,0.011444568634033203,0.008899648673832417,0.7730166912078857
tool,32,4,0.5162721872329712,0.5288461446762085,0.055945515632629395,0.033527273684740067,1.537792444229126
tool,32,5,0.5077662467956543,0.49038463830947876,0.04116392135620117,0.022837625816464424,2.7034597396850586
tool,32,6,0.5129438042640686,0.5,0.06911587715148926,0.03703899681568146,2.680337429046631
tool,32,7,0.518860936164856,0.5096153616905212,-0.1478099822998047,-0.050808168947696686,2.234516143798828
tool,32,8,0.49445265531539917,0.48076924681663513,-0.19424152374267578,-0.05412691459059715,8.584320068359375
tool,32,9,0.4996301829814911,0.5,-0.36633968353271484,-0.07232800871133804,7.737762451171875
tool,32,10,0.49038460850715637,0.49038460850715637,-0.7538270950317383,-0.10955924540758133,9.228336334228516
tool,32,11,0.5162721872329712,0.5096153616905212,-0.1047210693359375,-0.01447617169469595,17.627079010009766
tool,32,12,0.5299556255340576,0.5288461446762085,0.2903709411621094,0.03229295462369919,19.260799407958984
tool,32,13,0.5184911489486694,0.5192307233810425,-0.12197113037109375,-0.011230858974158764,28.73645782470703
tool,32,14,0.5221893787384033,0.49038460850715637,-0.12729644775390625,-0.010126768611371517,29.037878036499023
tool,32,15,0.46782544255256653,0.49038463830947876,-2.26287841796875,-0.16439296305179596,38.3836669921875
tool,32,16,0.4415680468082428,0.49038463830947876,-4.07342529296875,-0.19778750836849213,60.30046844482422
tool,32,17,0.5062869787216187,0.5,2.3860397338867188,0.06303852051496506,70.50603485107422
tool,32,18,0.4582100510597229,0.5192307829856873,-9.18536376953125,-0.10554178059101105,-76.15969848632812
tool,32,19,0.4511834383010864,0.5096153616905212,-17.510940551757812,-0.10788305848836899,0.21295103430747986
tool,32,20,0.4537721872329712,0.5,-28.390914916992188,-0.11758579313755035,717.66357421875
tool,32,21,0.4626479148864746,0.5,-28.0701904296875,-0.09200995415449142,-25.128450393676758
tool,32,22,0.46930474042892456,0.5192307829856873,-31.416290283203125,-0.0874432921409607,-170.08480834960938
tool,32,23,0.4704141914844513,0.5,-41.744354248046875,-0.10501434653997421,-423.0570983886719
tool,128,0,0.5,0.5,0.0,0.0,-0.31134921312332153
tool,128,1,0.5003698468208313,0.5,-3.910064697265625e-05,-0.000112378183985129,0.23686030507087708
tool,128,2,0.49778106808662415,0.48076924681663513,-0.0038029849529266357,-0.006370434537529945,-0.014478320255875587
tool,128,3,0.46449702978134155,0.5096153616905212,-0.06376373767852783,-0.07839370518922806,0.16825902462005615
tool,128,4,0.4911242723464966,0.49038460850715637,-0.017145633697509766,-0.018233919516205788,2.0573787689208984
tool,128,5,0.4877958595752716,0.49038460850715637,-0.06966090202331543,-0.05841212719678879,0.7461392879486084
tool,128,6,0.5029585957527161,0.49038463830947876,0.03327608108520508,0.018729809671640396,4.159127235412598
tool,128,7,0.5018491148948669,0.49038463830947876,0.21619415283203125,0.061034802347421646,2.542513847351074
tool,128,8,0.5062869787216187,0.5,0.30737924575805664,0.0711333230137825,3.4092459678649902
tool,128,9,0.526627242565155,0.5,0.6064987182617188,0.10358104854822159,6.965991020202637
tool,128,10,0.5203402638435364,0.5,0.47504425048828125,0.0657048374414444,11.519987106323242
tool,128,11,0.5414201021194458,0.5192307829856873,0.9090824127197266,0.11282862722873688,18.287452697753906
tool,128,12,0.5369822382926941,0.5480769276618958,0.7418498992919922,0.08286812901496887,28.093990325927734
tool,128,13,0.5255177617073059,0.5096153616905212,0.7771739959716797,0.08152799308300018,35.761924743652344
tool,128,14,0.5240384340286255,0.5192307233810425,0.6287879943847656,0.059938762336969376,39.273170471191406
tool,128,15,0.49038460850715637,0.49038460850715637,-0.7925491333007812,-0.05798359215259552,26.656330108642578
tool,128,16,0.49371302127838135,0.4711538553237915,-0.6924705505371094,-0.031227748841047287,49.78515625
tool,128,17,0.5351331233978271,0.5288461446762085,5.056190490722656,0.15139424800872803,86.96227264404297
tool,128,18,0.5014792680740356,0.509615421295166,0.6131439208984375,0.007795514538884163,141.09146118164062
tool,128,19,0.5007396340370178,0.5192307829856873,-2.46331787109375,-0.018610162660479546,9.690481185913086
tool,128,20,0.4988905191421509,0.5096153616905212,-3.312042236328125,-0.017650093883275986,85.69589233398438
tool,128,21,0.4837278127670288,0.5,-11.599090576171875,-0.05043802037835121,33.821922302246094
tool,128,22,0.46967455744743347,0.5288461446762085,-16.932281494140625,-0.059151556342840195,-48.617958068847656
tool,128,23,0.4704141914844513,0.5096153616905212,-18.722808837890625,-0.059006400406360626,-107.03585815429688
tool,256,0,0.5,0.5,0.0,0.0,-0.18711528182029724
tool,256,1,0.5018491148948669,0.5,0.0008789896965026855,0.0021828284952789545,0.31006160378456116
tool,256,2,0.4926035404205322,0.49038460850715637,-0.008473783731460571,-0.014822171069681644,-0.03510674834251404
tool,256,3,0.48890531063079834,0.49038463830947876,-0.02723485231399536,-0.03814580664038658,0.4335464835166931
tool,256,4,0.48927515745162964,0.5,-0.028455257415771484,-0.023337747901678085,0.7055709958076477
tool,256,5,0.48187869787216187,0.48076921701431274,-0.11593914031982422,-0.08009785413742065,4.936983108520508
tool,256,6,0.4866863787174225,0.48076924681663513,-0.053793907165527344,-0.031121494248509407,1.9567604064941406
tool,256,7,0.49334320425987244,0.509615421295166,-0.04138517379760742,-0.016441529616713524,4.9099578857421875
tool,256,8,0.5321745276451111,0.509615421295166,0.40294647216796875,0.130844384431839,4.9575629234313965
tool,256,9,0.5554733872413635,0.5288461446762085,0.6039962768554688,0.13991160690784454,8.430900573730469
tool,256,10,0.5517751574516296,0.5192307233810425,0.9425592422485352,0.1875748336315155,10.245790481567383
tool,256,11,0.5610207319259644,0.5384615659713745,1.3370027542114258,0.2173798382282257,18.177574157714844
tool,256,12,0.5636094808578491,0.557692289352417,1.3041038513183594,0.18603533506393433,26.327699661254883
tool,256,13,0.5613905191421509,0.567307710647583,1.3552303314208984,0.17457054555416107,30.58525276184082
tool,256,14,0.5717455744743347,0.5384615659713745,2.105823516845703,0.2414253205060959,41.625572204589844
tool,256,15,0.49001479148864746,0.48076921701431274,-0.8818931579589844,-0.06862897425889969,19.720726013183594
tool,256,16,0.48187869787216187,0.48076921701431274,-1.1609535217285156,-0.06282754987478256,59.34162139892578
tool,256,17,0.5514053106307983,0.5480769276618958,6.2103271484375,0.1970842480659485,88.01634216308594
tool,256,18,0.5033283829689026,0.4615384340286255,-1.4078903198242188,-0.01765170693397522,96.08839416503906
tool,256,19,0.5147929191589355,0.4615384340286255,6.47027587890625,0.05787200853228569,94.97679138183594
tool,256,20,0.5392012000083923,0.5480769276618958,18.67882537841797,0.10994479060173035,47.00031280517578
tool,256,21,0.5177514553070068,0.5192307829856873,12.706146240234375,0.06301827728748322,130.634521484375
tool,256,22,0.5099852085113525,0.509615421295166,6.1951446533203125,0.023772718384861946,176.9395751953125
tool,256,23,0.5062869787216187,0.49038463830947876,-0.7163238525390625,-0.002609021496027708,147.67822265625
all,0,0,0.5,0.5,-1.4901161193847656e-08,-4.634854988694315e-08,-0.5664442181587219
all,0,1,0.7271326184272766,0.6682692766189575,0.42920374870300293,0.7496262788772583,0.7883070707321167
all,0,2,0.6296843886375427,0.5769230723381042,0.258675754070282,0.46955734491348267,-0.4346991181373596
all,0,3,0.810404360294342,0.7612179517745972,0.8356308937072754,1.1363686323165894,0.16151612997055054
all,0,4,0.9985207319259644,0.9647436141967773,3.949796676635742,2.275571584701538,-1.8801753520965576
all,0,5,0.9987056255340576,0.9823718070983887,6.703405380249023,2.299473762512207,-2.647446632385254
all,0,6,1.0,1.0,88.35111999511719,2.8127191066741943,-42.28410720825195
all,0,7,1.0,1.0,41180.828125,2.857497215270996,-19975.5390625
all,0,8,1.0,1.0,41175.73046875,2.857496976852417,-19979.75
all,0,9,1.0,1.0,41430.16796875,2.8575000762939453,-20111.24609375
all,0,10,1.0,1.0,41004.87890625,2.8574893474578857,-19882.458984375
all,0,11,1.0,1.0,41028.80859375,2.8574888706207275,-19911.01953125
all,0,12,1.0,1.0,41026.640625,2.857487678527832,-19918.482421875
all,0,13,1.0,1.0,41030.46484375,2.8574862480163574,-19923.63671875
all,0,14,1.0,1.0,41020.2421875,2.857485294342041,-19928.197265625
all,0,15,1.0,1.0,41027.375,2.8574869632720947,-19911.447265625
all,0,16,1.0,1.0,41018.36328125,2.8574845790863037,-19914.822265625
all,0,17,1.0,1.0,40987.04296875,2.8574817180633545,-19909.30859375
all,0,18,0.9587647914886475,0.9711538553237915,1058.9493408203125,2.563793897628784,-246.38536071777344
all,0,19,0.9810158014297485,0.9695513248443604,1186.5166015625,2.612636089324951,-321.2589111328125
all,0,20,0.9824950695037842,0.9647436141967773,937.651123046875,2.3859269618988037,-297.622802734375
all,0,21,0.9823101758956909,0.9519230723381042,992.0767211914062,2.2293686866760254,-220.053466796875
all,0,22,0.9730646014213562,0.9022436141967773,916.98291015625,2.0809974670410156,-232.33367919921875
all,0,23,0.959073007106781,0.8830128312110901,842.8408203125,1.944732666015625,-186.62155151367188
all,8,0,0.5,0.5,-2.9802322387695312e-08,-1.3375417040606408e-07,-0.266345351934433
all,8,1,0.5584936141967773,0.5416666865348816,0.10552483797073364,0.13794364035129547,0.4120631814002991
all,8,2,0.5127588510513306,0.5288461446762085,0.03685635328292847,0.040939901024103165,-0.18402069807052612
all,8,3,0.5398175716400146,0.5560897588729858,0.19697868824005127,0.16498908400535583,0.18752896785736084
all,8,4,0.5185527801513672,0.5416666269302368,0.12229323387145996,0.0772491842508316,1.4350342750549316
all,8,5,0.5221893787384033,0.5112179517745972,0.17869877815246582,0.1032930463552475,2.28668475151062
all,8,6,0.5464743375778198,0.5496794581413269,0.3263711929321289,0.14930038154125214,2.5605874061584473
all,8,7,0.560404360294342,0.5769230723381042,0.4165043830871582,0.15070819854736328,4.553076267242432
all,8,8,0.6066321730613708,0.5785256624221802,0.7736372947692871,0.18702438473701477,3.527130603790283
all,8,9,0.5678624510765076,0.552884578704834,0.5886590480804443,0.08951008319854736,3.3247814178466797
all,8,10,0.5628081560134888,0.5657051205635071,0.2657656669616699,0.025402557104825974,6.493703365325928
all,8,11,0.5662598609924316,0.557692289352417,0.24741363525390625,0.017893360927700996,10.802275657653809
all,8,12,0.5869082808494568,0.557692289352417,0.3380088806152344,0.019687093794345856,10.711821556091309
all,8,13,0.5800049304962158,0.5625,0.6830501556396484,0.040127936750650406,20.588830947875977
all,8,14,0.6144600510597229,0.6025640964508057,1.859619140625,0.09331526607275009,22.994277954101562
all,8,15,0.6104536652565002,0.5913461446762085,2.401887893676758,0.12506714463233948,34.99388122558594
all,8,16,0.5610207319259644,0.5528846383094788,1.061492919921875,0.03797779977321625,35.958045959472656
all,8,17,0.6844181418418884,0.6266025304794312,16.09030532836914,0.3790503144264221,39.97064208984375
all,8,18,0.5595414042472839,0.5544871687889099,14.438072204589844,0.12193894386291504,-17.693340301513672
all,8,19,0.5775394439697266,0.5961538553237915,36.02910614013672,0.19287577271461487,-17.269847869873047
all,8,20,0.5488781929016113,0.5432692766189575,37.362510681152344,0.1453375518321991,-2.5600223541259766
all,8,21,0.5649038553237915,0.5641025900840759,59.3465576171875,0.19800814986228943,-37.25709915161133
all,8,22,0.5610823631286621,0.5737179517745972,62.980224609375,0.18606308102607727,-28.86196517944336
all,8,23,0.562746524810791,0.6025640964508057,68.34254455566406,0.17980611324310303,-2.9356613159179688
all,32,0,0.5,0.5,0.0,0.0,-0.1682266891002655
all,32,1,0.5387697219848633,0.5304487347602844,0.05457735061645508,0.11463446915149689,0.40060147643089294
all,32,2,0.5059788227081299,0.509615421295166,0.01390412449836731,0.018461167812347412,0.07096292078495026
all,32,3,0.5139915943145752,0.5176281929016113,0.04129135608673096,0.03183469921350479,0.7887023687362671
all,32,4,0.5044378638267517,0.5272436141967773,-0.0029790401458740234,-0.0017892549512907863,1.5230801105499268
all,32,5,0.49765780568122864,0.5144230723381042,-0.02650904655456543,-0.014940353110432625,0.47464656829833984
all,32,6,0.5058555006980896,0.5160256624221802,-0.002994537353515625,-0.001578303868882358,3.127340316772461
all,32,7,0.5046843886375427,0.49038460850715637,-0.2526698112487793,-0.07393438369035721,2.22210693359375
all,32,8,0.48724111914634705,0.5112179517745972,-0.24076604843139648,-0.061982907354831696,8.795870780944824
all,32,9,0.48428255319595337,0.4967948794364929,-0.5753417015075684,-0.10562807321548462,7.726875305175781
all,32,10,0.48089250922203064,0.4951923191547394,-0.8162708282470703,-0.11280594766139984,9.62811279296875
all,32,11,0.500246524810791,0.5176281929016113,-0.48159027099609375,-0.060887448489665985,21.89888572692871
all,32,12,0.514484703540802,0.5128204822540283,-0.23394393920898438,-0.02320992760360241,15.563993453979492
all,32,13,0.49753451347351074,0.509615421295166,-1.011199951171875,-0.08276745676994324,40.1931266784668
all,32,14,0.49728795886039734,0.49038460850715637,-1.102813720703125,-0.07755134254693985,32.00044250488281
all,32,15,0.4547583758831024,0.5064102411270142,-2.6407318115234375,-0.17723624408245087,57.786354064941406
all,32,16,0.4470537602901459,0.4919871985912323,-3.5085906982421875,-0.16590772569179535,60.27998352050781
all,32,17,0.4897066056728363,0.48076921701431274,0.1364898681640625,0.003648956771939993,69.18136596679688
all,32,18,0.44988906383514404,0.4967948794364929,-11.706146240234375,-0.13515442609786987,284.0390625
all,32,19,0.4462524652481079,0.5,-19.51422119140625,-0.12333190441131592,525.5203247070312
all,32,20,0.4486563205718994,0.5064102411270142,-34.79486083984375,-0.14690527319908142,710.9581298828125
all,32,21,0.451984703540802,0.5080128312110901,-40.0372314453125,-0.13694506883621216,-25.853755950927734
all,32,22,0.45062869787216187,0.4967948794364929,-52.763763427734375,-0.15182733535766602,877.5687866210938
all,32,23,0.44976577162742615,0.4871794879436493,-63.836700439453125,-0.1669250726699829,1232.2568359375
all,128,0,0.5,0.5,0.0,0.0,-0.31134921312332153
all,128,1,0.5020340085029602,0.49358975887298584,0.0005194544792175293,0.001492752693593502,0.46467798948287964
all,128,2,0.49944525957107544,0.4919871687889099,0.0005539655685424805,0.0009197992039844394,0.2468908429145813
all,128,3,0.49155572056770325,0.5064102411270142,-0.007318675518035889,-0.008964777924120426,0.18568918108940125
all,128,4,0.49753451347351074,0.49038463830947876,-0.001697540283203125,-0.0017963325371965766,1.5615005493164062
all,128,5,0.502773642539978,0.48237180709838867,-0.005220174789428711,-0.004344487562775612,1.6727445125579834
all,128,6,0.5053624510765076,0.5016025900840759,0.045210838317871094,0.024979328736662865,4.1536455154418945
all,128,7,0.4937746524810791,0.5080128312110901,0.08668041229248047,0.024562371894717216,-0.9509474039077759
all,128,8,0.4960552155971527,0.495192289352417,0.05352497100830078,0.012223385274410248,3.269359588623047
all,128,9,0.49537721276283264,0.48557692766189575,-0.0715017318725586,-0.01189789641648531,2.820004463195801
all,128,10,0.49285009503364563,0.509615421295166,-0.3362407684326172,-0.04414064437150955,14.342257499694824
all,128,11,0.5131286978721619,0.49839746952056885,0.03964805603027344,0.004656391683965921,18.98287582397461
all,128,12,0.5081360936164856,0.5208333730697632,-0.07873344421386719,-0.008277179673314095,28.093990325927734
all,128,13,0.5053624510765076,0.5256410241127014,-0.09922599792480469,-0.009674964472651482,36.109710693359375
all,128,14,0.5106015801429749,0.495192289352417,0.009151458740234375,0.0007960719522088766,29.766948699951172
all,128,15,0.4707840383052826,0.4967948794364929,-1.7488288879394531,-0.11805596947669983,64.59003448486328
all,128,16,0.4795365035533905,0.4679487347602844,-1.6402435302734375,-0.07306289672851562,48.76881408691406
all,128,17,0.498952180147171,0.5,0.7736053466796875,0.022088151425123215,49.37208557128906
all,128,18,0.4691198170185089,0.5016025900840759,-9.373397827148438,-0.11714177578687668,141.09146118164062
all,128,19,0.47374260425567627,0.48237180709838867,-14.925430297851562,-0.10806350409984589,439.2333068847656
all,128,20,0.4743589758872986,0.49358975887298584,-21.696533203125,-0.10594986379146576,22.616058349609375
all,128,21,0.4591962397098541,0.4759615659713745,-35.70945739746094,-0.14626584947109222,35.677833557128906
all,128,22,0.4488412141799927,0.495192289352417,-48.98652648925781,-0.16149604320526123,-228.71966552734375
all,128,23,0.45623767375946045,0.47756412625312805,-51.282257080078125,-0.1556873470544815,707.3233642578125
all,256,0,0.5,0.5,0.0,0.0,-0.18711528182029724
all,256,1,0.5004931092262268,0.5,-8.475780487060547e-05,-0.00021102212485857308,0.30678266286849976
all,256,2,0.49445265531539917,0.49839743971824646,-0.006114989519119263,-0.010672432370483875,0.2885456085205078
all,256,3,0.500246524810791,0.5032051205635071,-0.002580702304840088,-0.0036041580606251955,0.4025554060935974
all,256,4,0.494144469499588,0.504807710647583,-0.006634354591369629,-0.005360092502087355,0.703244686126709
all,256,5,0.4968565106391907,0.4839743375778198,-0.05669546127319336,-0.039157260209321976,4.932283401489258
all,256,6,0.4894600510597229,0.4887820780277252,-0.046695709228515625,-0.027070121839642525,1.9820959568023682
all,256,7,0.4863165616989136,0.4967948794364929,-0.10874319076538086,-0.04266770929098129,1.4751087427139282
all,256,8,0.5095537304878235,0.5176281929016113,0.17235422134399414,0.057533733546733856,1.2037200927734375
all,256,9,0.5102933645248413,0.5176281929016113,0.10435867309570312,0.024916846305131912,14.218880653381348
all,256,10,0.5185527801513672,0.5096153616905212,0.3397216796875,0.06732282787561417,12.634206771850586
all,256,11,0.5342085957527161,0.5032051205635071,0.6315803527832031,0.09940524399280548,18.63165855407715
all,256,12,0.541358470916748,0.5368589758872986,0.6425800323486328,0.08652452379465103,26.36492156982422
all,256,13,0.5273052453994751,0.5625,0.3441905975341797,0.040038082748651505,30.416046142578125
all,256,14,0.5395709872245789,0.5304487347602844,0.901580810546875,0.09487060457468033,40.67039108276367
all,256,15,0.48366618156433105,0.4839743673801422,-1.3758659362792969,-0.09765171259641647,50.42771530151367
all,256,16,0.4996301829814911,0.49038460850715637,0.00739288330078125,0.000397959491237998,59.330360412597656
all,256,17,0.550110936164856,0.5448718070983887,4.6914520263671875,0.1387607753276825,88.40142822265625
all,256,18,0.48212525248527527,0.5080128312110901,-6.0081024169921875,-0.06825298815965652,136.3350830078125
all,256,19,0.4912475347518921,0.5128205418586731,-1.921844482421875,-0.01567605324089527,190.001708984375
all,256,20,0.5268121361732483,0.5224359035491943,12.961204528808594,0.06864333152770996,44.90857696533203
all,256,21,0.5175049304962158,0.5128204822540283,11.639862060546875,0.052741486579179764,15.219179153442383
all,256,22,0.5104783177375793,0.5176281929016113,6.434417724609375,0.022731130942702293,10.688627243041992
all,256,23,0.5039447546005249,0.5032051205635071,2.3134765625,0.007764576002955437,488.7940979003906
